Country,Lat,Long,Date,Confirmed_cases,Dead,Recovered,Daily_case
Burkina Faso,12.2383,-1.5616,2020-01-22,0,0,0,0
Burkina Faso,12.2383,-1.5616,2020-01-23,0,0,0,0
Burkina Faso,12.2383,-1.5616,2020-01-24,0,0,0,0
Burkina Faso,12.2383,-1.5616,2020-01-25,0,0,0,0
Burkina Faso,12.2383,-1.5616,2020-01-26,0,0,0,0
Burkina Faso,12.2383,-1.5616,2020-01-27,0,0,0,0
Burkina Faso,12.2383,-1.5616,2020-01-28,0,0,0,0
Burkina Faso,12.2383,-1.5616,2020-01-29,0,0,0,0
Burkina Faso,12.2383,-1.5616,2020-01-30,0,0,0,0
Burkina Faso,12.2383,-1.5616,2020-01-31,0,0,0,0
Burkina Faso,12.2383,-1.5616,2020-02-01,0,0,0,0
Burkina Faso,12.2383,-1.5616,2020-02-02,0,0,0,0
Burkina Faso,12.2383,-1.5616,2020-02-03,0,0,0,0
Burkina Faso,12.2383,-1.5616,2020-02-04,0,0,0,0
Burkina Faso,12.2383,-1.5616,2020-02-05,0,0,0,0
Burkina Faso,12.2383,-1.5616,2020-02-06,0,0,0,0
Burkina Faso,12.2383,-1.5616,2020-02-07,0,0,0,0
Burkina Faso,12.2383,-1.5616,2020-02-08,0,0,0,0
Burkina Faso,12.2383,-1.5616,2020-02-09,0,0,0,0
Burkina Faso,12.2383,-1.5616,2020-02-10,0,0,0,0
Burkina Faso,12.2383,-1.5616,2020-02-11,0,0,0,0
Burkina Faso,12.2383,-1.5616,2020-02-12,0,0,0,0
Burkina Faso,12.2383,-1.5616,2020-02-13,0,0,0,0
Burkina Faso,12.2383,-1.5616,2020-02-14,0,0,0,0
Burkina Faso,12.2383,-1.5616,2020-02-15,0,0,0,0
Burkina Faso,12.2383,-1.5616,2020-02-16,0,0,0,0
Burkina Faso,12.2383,-1.5616,2020-02-17,0,0,0,0
Burkina Faso,12.2383,-1.5616,2020-02-18,0,0,0,0
Burkina Faso,12.2383,-1.5616,2020-02-19,0,0,0,0
Burkina Faso,12.2383,-1.5616,2020-02-20,0,0,0,0
Burkina Faso,12.2383,-1.5616,2020-02-21,0,0,0,0
Burkina Faso,12.2383,-1.5616,2020-02-22,0,0,0,0
Burkina Faso,12.2383,-1.5616,2020-02-23,0,0,0,0
Burkina Faso,12.2383,-1.5616,2020-02-24,0,0,0,0
Burkina Faso,12.2383,-1.5616,2020-02-25,0,0,0,0
Burkina Faso,12.2383,-1.5616,2020-02-26,0,0,0,0
Burkina Faso,12.2383,-1.5616,2020-02-27,0,0,0,0
Burkina Faso,12.2383,-1.5616,2020-02-28,0,0,0,0
Burkina Faso,12.2383,-1.5616,2020-02-29,0,0,0,0
Burkina Faso,12.2383,-1.5616,2020-03-01,0,0,0,0
Burkina Faso,12.2383,-1.5616,2020-03-02,0,0,0,0
Burkina Faso,12.2383,-1.5616,2020-03-03,0,0,0,0
Burkina Faso,12.2383,-1.5616,2020-03-04,0,0,0,0
Burkina Faso,12.2383,-1.5616,2020-03-05,0,0,0,0
Burkina Faso,12.2383,-1.5616,2020-03-06,0,0,0,0
Burkina Faso,12.2383,-1.5616,2020-03-07,0,0,0,0
Burkina Faso,12.2383,-1.5616,2020-03-08,0,0,0,0
Burkina Faso,12.2383,-1.5616,2020-03-09,0,0,0,0
Burkina Faso,12.2383,-1.5616,2020-03-10,1,0,0,1
Burkina Faso,12.2383,-1.5616,2020-03-11,2,0,0,1
Burkina Faso,12.2383,-1.5616,2020-03-12,2,0,0,0
Burkina Faso,12.2383,-1.5616,2020-03-13,2,0,0,0
Burkina Faso,12.2383,-1.5616,2020-03-14,2,0,0,0
Burkina Faso,12.2383,-1.5616,2020-03-15,3,0,0,1
Burkina Faso,12.2383,-1.5616,2020-03-16,15,0,0,12
Burkina Faso,12.2383,-1.5616,2020-03-17,15,0,0,0
Burkina Faso,12.2383,-1.5616,2020-03-18,20,1,0,5
Burkina Faso,12.2383,-1.5616,2020-03-19,33,1,0,13
Burkina Faso,12.2383,-1.5616,2020-03-20,40,1,0,7
Burkina Faso,12.2383,-1.5616,2020-03-21,64,2,5,24
Burkina Faso,12.2383,-1.5616,2020-03-22,75,4,5,11
Burkina Faso,12.2383,-1.5616,2020-03-23,99,4,5,24
Burkina Faso,12.2383,-1.5616,2020-03-24,114,4,7,15
Burkina Faso,12.2383,-1.5616,2020-03-25,146,4,10,32
Burkina Faso,12.2383,-1.5616,2020-03-26,152,7,10,6
Burkina Faso,12.2383,-1.5616,2020-03-27,180,9,12,28
Burkina Faso,12.2383,-1.5616,2020-03-28,207,11,21,27
Burkina Faso,12.2383,-1.5616,2020-03-29,222,12,23,15
Burkina Faso,12.2383,-1.5616,2020-03-30,246,12,31,24
Burkina Faso,12.2383,-1.5616,2020-03-31,261,14,32,15
Burkina Faso,12.2383,-1.5616,2020-04-01,282,16,46,21
Burkina Faso,12.2383,-1.5616,2020-04-02,288,16,50,6
Burkina Faso,12.2383,-1.5616,2020-04-03,302,16,50,14
Burkina Faso,12.2383,-1.5616,2020-04-04,318,16,66,16
Burkina Faso,12.2383,-1.5616,2020-04-05,345,17,90,27
Burkina Faso,12.2383,-1.5616,2020-04-06,364,18,108,19
Burkina Faso,12.2383,-1.5616,2020-04-07,384,19,127,20
Burkina Faso,12.2383,-1.5616,2020-04-08,414,23,134,30
Burkina Faso,12.2383,-1.5616,2020-04-09,443,24,146,29
Burkina Faso,12.2383,-1.5616,2020-04-10,443,24,146,0
Burkina Faso,12.2383,-1.5616,2020-04-11,484,27,155,41
Burkina Faso,12.2383,-1.5616,2020-04-12,497,27,161,13
Burkina Faso,12.2383,-1.5616,2020-04-13,497,27,161,0
Burkina Faso,12.2383,-1.5616,2020-04-14,528,30,177,31
Burkina Faso,12.2383,-1.5616,2020-04-15,542,32,226,14
Burkina Faso,12.2383,-1.5616,2020-04-16,546,32,257,4
Burkina Faso,12.2383,-1.5616,2020-04-17,557,35,294,11
Burkina Faso,12.2383,-1.5616,2020-04-18,565,36,321,8
Burkina Faso,12.2383,-1.5616,2020-04-19,576,36,338,11
Burkina Faso,12.2383,-1.5616,2020-04-20,581,38,357,5
Burkina Faso,12.2383,-1.5616,2020-04-21,600,38,362,19
Burkina Faso,12.2383,-1.5616,2020-04-22,609,39,389,9
Burkina Faso,12.2383,-1.5616,2020-04-23,616,41,410,7
Benin,9.3077,2.3158,2020-01-22,0,0,0,0
Benin,9.3077,2.3158,2020-01-23,0,0,0,0
Benin,9.3077,2.3158,2020-01-24,0,0,0,0
Benin,9.3077,2.3158,2020-01-25,0,0,0,0
Benin,9.3077,2.3158,2020-01-26,0,0,0,0
Benin,9.3077,2.3158,2020-01-27,0,0,0,0
Benin,9.3077,2.3158,2020-01-28,0,0,0,0
Benin,9.3077,2.3158,2020-01-29,0,0,0,0
Benin,9.3077,2.3158,2020-01-30,0,0,0,0
Benin,9.3077,2.3158,2020-01-31,0,0,0,0
Benin,9.3077,2.3158,2020-02-01,0,0,0,0
Benin,9.3077,2.3158,2020-02-02,0,0,0,0
Benin,9.3077,2.3158,2020-02-03,0,0,0,0
Benin,9.3077,2.3158,2020-02-04,0,0,0,0
Benin,9.3077,2.3158,2020-02-05,0,0,0,0
Benin,9.3077,2.3158,2020-02-06,0,0,0,0
Benin,9.3077,2.3158,2020-02-07,0,0,0,0
Benin,9.3077,2.3158,2020-02-08,0,0,0,0
Benin,9.3077,2.3158,2020-02-09,0,0,0,0
Benin,9.3077,2.3158,2020-02-10,0,0,0,0
Benin,9.3077,2.3158,2020-02-11,0,0,0,0
Benin,9.3077,2.3158,2020-02-12,0,0,0,0
Benin,9.3077,2.3158,2020-02-13,0,0,0,0
Benin,9.3077,2.3158,2020-02-14,0,0,0,0
Benin,9.3077,2.3158,2020-02-15,0,0,0,0
Benin,9.3077,2.3158,2020-02-16,0,0,0,0
Benin,9.3077,2.3158,2020-02-17,0,0,0,0
Benin,9.3077,2.3158,2020-02-18,0,0,0,0
Benin,9.3077,2.3158,2020-02-19,0,0,0,0
Benin,9.3077,2.3158,2020-02-20,0,0,0,0
Benin,9.3077,2.3158,2020-02-21,0,0,0,0
Benin,9.3077,2.3158,2020-02-22,0,0,0,0
Benin,9.3077,2.3158,2020-02-23,0,0,0,0
Benin,9.3077,2.3158,2020-02-24,0,0,0,0
Benin,9.3077,2.3158,2020-02-25,0,0,0,0
Benin,9.3077,2.3158,2020-02-26,0,0,0,0
Benin,9.3077,2.3158,2020-02-27,0,0,0,0
Benin,9.3077,2.3158,2020-02-28,0,0,0,0
Benin,9.3077,2.3158,2020-02-29,0,0,0,0
Benin,9.3077,2.3158,2020-03-01,0,0,0,0
Benin,9.3077,2.3158,2020-03-02,0,0,0,0
Benin,9.3077,2.3158,2020-03-03,0,0,0,0
Benin,9.3077,2.3158,2020-03-04,0,0,0,0
Benin,9.3077,2.3158,2020-03-05,0,0,0,0
Benin,9.3077,2.3158,2020-03-06,0,0,0,0
Benin,9.3077,2.3158,2020-03-07,0,0,0,0
Benin,9.3077,2.3158,2020-03-08,0,0,0,0
Benin,9.3077,2.3158,2020-03-09,0,0,0,0
Benin,9.3077,2.3158,2020-03-10,0,0,0,0
Benin,9.3077,2.3158,2020-03-11,0,0,0,0
Benin,9.3077,2.3158,2020-03-12,0,0,0,0
Benin,9.3077,2.3158,2020-03-13,0,0,0,0
Benin,9.3077,2.3158,2020-03-14,0,0,0,0
Benin,9.3077,2.3158,2020-03-15,0,0,0,0
Benin,9.3077,2.3158,2020-03-16,1,0,0,1
Benin,9.3077,2.3158,2020-03-17,1,0,0,0
Benin,9.3077,2.3158,2020-03-18,2,0,0,1
Benin,9.3077,2.3158,2020-03-19,2,0,0,0
Benin,9.3077,2.3158,2020-03-20,2,0,0,0
Benin,9.3077,2.3158,2020-03-21,2,0,0,0
Benin,9.3077,2.3158,2020-03-22,2,0,0,0
Benin,9.3077,2.3158,2020-03-23,5,0,0,3
Benin,9.3077,2.3158,2020-03-24,6,0,0,1
Benin,9.3077,2.3158,2020-03-25,6,0,0,0
Benin,9.3077,2.3158,2020-03-26,6,0,0,0
Benin,9.3077,2.3158,2020-03-27,6,0,0,0
Benin,9.3077,2.3158,2020-03-28,6,0,0,0
Benin,9.3077,2.3158,2020-03-29,6,0,0,0
Benin,9.3077,2.3158,2020-03-30,6,0,0,0
Benin,9.3077,2.3158,2020-03-31,9,0,1,3
Benin,9.3077,2.3158,2020-04-01,13,0,1,4
Benin,9.3077,2.3158,2020-04-02,13,0,1,0
Benin,9.3077,2.3158,2020-04-03,16,0,2,3
Benin,9.3077,2.3158,2020-04-04,16,0,2,0
Benin,9.3077,2.3158,2020-04-05,22,0,5,6
Benin,9.3077,2.3158,2020-04-06,26,1,5,4
Benin,9.3077,2.3158,2020-04-07,26,1,5,0
Benin,9.3077,2.3158,2020-04-08,26,1,5,0
Benin,9.3077,2.3158,2020-04-09,26,1,5,0
Benin,9.3077,2.3158,2020-04-10,35,1,5,9
Benin,9.3077,2.3158,2020-04-11,35,1,5,0
Benin,9.3077,2.3158,2020-04-12,35,1,5,0
Benin,9.3077,2.3158,2020-04-13,35,1,5,0
Benin,9.3077,2.3158,2020-04-14,35,1,18,0
Benin,9.3077,2.3158,2020-04-15,35,1,18,0
Benin,9.3077,2.3158,2020-04-16,35,1,18,0
Benin,9.3077,2.3158,2020-04-17,35,1,18,0
Benin,9.3077,2.3158,2020-04-18,35,1,18,0
Benin,9.3077,2.3158,2020-04-19,35,1,18,0
Benin,9.3077,2.3158,2020-04-20,54,1,27,19
Benin,9.3077,2.3158,2020-04-21,54,1,27,0
Benin,9.3077,2.3158,2020-04-22,54,1,27,0
Benin,9.3077,2.3158,2020-04-23,54,1,27,0
Cote d'Ivoire,7.54,-5.5471,2020-01-22,0,0,0,0
Cote d'Ivoire,7.54,-5.5471,2020-01-23,0,0,0,0
Cote d'Ivoire,7.54,-5.5471,2020-01-24,0,0,0,0
Cote d'Ivoire,7.54,-5.5471,2020-01-25,0,0,0,0
Cote d'Ivoire,7.54,-5.5471,2020-01-26,0,0,0,0
Cote d'Ivoire,7.54,-5.5471,2020-01-27,0,0,0,0
Cote d'Ivoire,7.54,-5.5471,2020-01-28,0,0,0,0
Cote d'Ivoire,7.54,-5.5471,2020-01-29,0,0,0,0
Cote d'Ivoire,7.54,-5.5471,2020-01-30,0,0,0,0
Cote d'Ivoire,7.54,-5.5471,2020-01-31,0,0,0,0
Cote d'Ivoire,7.54,-5.5471,2020-02-01,0,0,0,0
Cote d'Ivoire,7.54,-5.5471,2020-02-02,0,0,0,0
Cote d'Ivoire,7.54,-5.5471,2020-02-03,0,0,0,0
Cote d'Ivoire,7.54,-5.5471,2020-02-04,0,0,0,0
Cote d'Ivoire,7.54,-5.5471,2020-02-05,0,0,0,0
Cote d'Ivoire,7.54,-5.5471,2020-02-06,0,0,0,0
Cote d'Ivoire,7.54,-5.5471,2020-02-07,0,0,0,0
Cote d'Ivoire,7.54,-5.5471,2020-02-08,0,0,0,0
Cote d'Ivoire,7.54,-5.5471,2020-02-09,0,0,0,0
Cote d'Ivoire,7.54,-5.5471,2020-02-10,0,0,0,0
Cote d'Ivoire,7.54,-5.5471,2020-02-11,0,0,0,0
Cote d'Ivoire,7.54,-5.5471,2020-02-12,0,0,0,0
Cote d'Ivoire,7.54,-5.5471,2020-02-13,0,0,0,0
Cote d'Ivoire,7.54,-5.5471,2020-02-14,0,0,0,0
Cote d'Ivoire,7.54,-5.5471,2020-02-15,0,0,0,0
Cote d'Ivoire,7.54,-5.5471,2020-02-16,0,0,0,0
Cote d'Ivoire,7.54,-5.5471,2020-02-17,0,0,0,0
Cote d'Ivoire,7.54,-5.5471,2020-02-18,0,0,0,0
Cote d'Ivoire,7.54,-5.5471,2020-02-19,0,0,0,0
Cote d'Ivoire,7.54,-5.5471,2020-02-20,0,0,0,0
Cote d'Ivoire,7.54,-5.5471,2020-02-21,0,0,0,0
Cote d'Ivoire,7.54,-5.5471,2020-02-22,0,0,0,0
Cote d'Ivoire,7.54,-5.5471,2020-02-23,0,0,0,0
Cote d'Ivoire,7.54,-5.5471,2020-02-24,0,0,0,0
Cote d'Ivoire,7.54,-5.5471,2020-02-25,0,0,0,0
Cote d'Ivoire,7.54,-5.5471,2020-02-26,0,0,0,0
Cote d'Ivoire,7.54,-5.5471,2020-02-27,0,0,0,0
Cote d'Ivoire,7.54,-5.5471,2020-02-28,0,0,0,0
Cote d'Ivoire,7.54,-5.5471,2020-02-29,0,0,0,0
Cote d'Ivoire,7.54,-5.5471,2020-03-01,0,0,0,0
Cote d'Ivoire,7.54,-5.5471,2020-03-02,0,0,0,0
Cote d'Ivoire,7.54,-5.5471,2020-03-03,0,0,0,0
Cote d'Ivoire,7.54,-5.5471,2020-03-04,0,0,0,0
Cote d'Ivoire,7.54,-5.5471,2020-03-05,0,0,0,0
Cote d'Ivoire,7.54,-5.5471,2020-03-06,0,0,0,0
Cote d'Ivoire,7.54,-5.5471,2020-03-07,0,0,0,0
Cote d'Ivoire,7.54,-5.5471,2020-03-08,0,0,0,0
Cote d'Ivoire,7.54,-5.5471,2020-03-09,0,0,0,0
Cote d'Ivoire,7.54,-5.5471,2020-03-10,0,0,0,0
Cote d'Ivoire,7.54,-5.5471,2020-03-11,1,0,0,1
Cote d'Ivoire,7.54,-5.5471,2020-03-12,1,0,0,0
Cote d'Ivoire,7.54,-5.5471,2020-03-13,1,0,0,0
Cote d'Ivoire,7.54,-5.5471,2020-03-14,1,0,0,0
Cote d'Ivoire,7.54,-5.5471,2020-03-15,1,0,0,0
Cote d'Ivoire,7.54,-5.5471,2020-03-16,1,0,0,0
Cote d'Ivoire,7.54,-5.5471,2020-03-17,5,0,1,4
Cote d'Ivoire,7.54,-5.5471,2020-03-18,6,0,1,1
Cote d'Ivoire,7.54,-5.5471,2020-03-19,9,0,1,3
Cote d'Ivoire,7.54,-5.5471,2020-03-20,9,0,1,0
Cote d'Ivoire,7.54,-5.5471,2020-03-21,14,0,1,5
Cote d'Ivoire,7.54,-5.5471,2020-03-22,14,0,1,0
Cote d'Ivoire,7.54,-5.5471,2020-03-23,25,0,1,11
Cote d'Ivoire,7.54,-5.5471,2020-03-24,73,0,2,48
Cote d'Ivoire,7.54,-5.5471,2020-03-25,80,0,3,7
Cote d'Ivoire,7.54,-5.5471,2020-03-26,96,0,3,16
Cote d'Ivoire,7.54,-5.5471,2020-03-27,101,0,3,5
Cote d'Ivoire,7.54,-5.5471,2020-03-28,101,0,3,0
Cote d'Ivoire,7.54,-5.5471,2020-03-29,165,1,4,64
Cote d'Ivoire,7.54,-5.5471,2020-03-30,168,1,6,3
Cote d'Ivoire,7.54,-5.5471,2020-03-31,179,1,7,11
Cote d'Ivoire,7.54,-5.5471,2020-04-01,190,1,9,11
Cote d'Ivoire,7.54,-5.5471,2020-04-02,194,1,15,4
Cote d'Ivoire,7.54,-5.5471,2020-04-03,218,1,19,24
Cote d'Ivoire,7.54,-5.5471,2020-04-04,245,1,25,27
Cote d'Ivoire,7.54,-5.5471,2020-04-05,261,3,37,16
Cote d'Ivoire,7.54,-5.5471,2020-04-06,323,3,41,62
Cote d'Ivoire,7.54,-5.5471,2020-04-07,349,3,41,26
Cote d'Ivoire,7.54,-5.5471,2020-04-08,384,3,48,35
Cote d'Ivoire,7.54,-5.5471,2020-04-09,444,3,52,60
Cote d'Ivoire,7.54,-5.5471,2020-04-10,444,3,52,0
Cote d'Ivoire,7.54,-5.5471,2020-04-11,533,4,58,89
Cote d'Ivoire,7.54,-5.5471,2020-04-12,574,5,85,41
Cote d'Ivoire,7.54,-5.5471,2020-04-13,626,6,89,52
Cote d'Ivoire,7.54,-5.5471,2020-04-14,638,6,114,12
Cote d'Ivoire,7.54,-5.5471,2020-04-15,638,6,114,0
Cote d'Ivoire,7.54,-5.5471,2020-04-16,654,6,146,16
Cote d'Ivoire,7.54,-5.5471,2020-04-17,688,6,193,34
Cote d'Ivoire,7.54,-5.5471,2020-04-18,801,8,239,113
Cote d'Ivoire,7.54,-5.5471,2020-04-19,847,9,260,46
Cote d'Ivoire,7.54,-5.5471,2020-04-20,847,9,260,0
Cote d'Ivoire,7.54,-5.5471,2020-04-21,916,13,303,69
Cote d'Ivoire,7.54,-5.5471,2020-04-22,952,14,310,36
Cote d'Ivoire,7.54,-5.5471,2020-04-23,1004,14,359,52
Cabo Verde,16.5388,-23.0418,2020-01-22,0,0,0,0
Cabo Verde,16.5388,-23.0418,2020-01-23,0,0,0,0
Cabo Verde,16.5388,-23.0418,2020-01-24,0,0,0,0
Cabo Verde,16.5388,-23.0418,2020-01-25,0,0,0,0
Cabo Verde,16.5388,-23.0418,2020-01-26,0,0,0,0
Cabo Verde,16.5388,-23.0418,2020-01-27,0,0,0,0
Cabo Verde,16.5388,-23.0418,2020-01-28,0,0,0,0
Cabo Verde,16.5388,-23.0418,2020-01-29,0,0,0,0
Cabo Verde,16.5388,-23.0418,2020-01-30,0,0,0,0
Cabo Verde,16.5388,-23.0418,2020-01-31,0,0,0,0
Cabo Verde,16.5388,-23.0418,2020-02-01,0,0,0,0
Cabo Verde,16.5388,-23.0418,2020-02-02,0,0,0,0
Cabo Verde,16.5388,-23.0418,2020-02-03,0,0,0,0
Cabo Verde,16.5388,-23.0418,2020-02-04,0,0,0,0
Cabo Verde,16.5388,-23.0418,2020-02-05,0,0,0,0
Cabo Verde,16.5388,-23.0418,2020-02-06,0,0,0,0
Cabo Verde,16.5388,-23.0418,2020-02-07,0,0,0,0
Cabo Verde,16.5388,-23.0418,2020-02-08,0,0,0,0
Cabo Verde,16.5388,-23.0418,2020-02-09,0,0,0,0
Cabo Verde,16.5388,-23.0418,2020-02-10,0,0,0,0
Cabo Verde,16.5388,-23.0418,2020-02-11,0,0,0,0
Cabo Verde,16.5388,-23.0418,2020-02-12,0,0,0,0
Cabo Verde,16.5388,-23.0418,2020-02-13,0,0,0,0
Cabo Verde,16.5388,-23.0418,2020-02-14,0,0,0,0
Cabo Verde,16.5388,-23.0418,2020-02-15,0,0,0,0
Cabo Verde,16.5388,-23.0418,2020-02-16,0,0,0,0
Cabo Verde,16.5388,-23.0418,2020-02-17,0,0,0,0
Cabo Verde,16.5388,-23.0418,2020-02-18,0,0,0,0
Cabo Verde,16.5388,-23.0418,2020-02-19,0,0,0,0
Cabo Verde,16.5388,-23.0418,2020-02-20,0,0,0,0
Cabo Verde,16.5388,-23.0418,2020-02-21,0,0,0,0
Cabo Verde,16.5388,-23.0418,2020-02-22,0,0,0,0
Cabo Verde,16.5388,-23.0418,2020-02-23,0,0,0,0
Cabo Verde,16.5388,-23.0418,2020-02-24,0,0,0,0
Cabo Verde,16.5388,-23.0418,2020-02-25,0,0,0,0
Cabo Verde,16.5388,-23.0418,2020-02-26,0,0,0,0
Cabo Verde,16.5388,-23.0418,2020-02-27,0,0,0,0
Cabo Verde,16.5388,-23.0418,2020-02-28,0,0,0,0
Cabo Verde,16.5388,-23.0418,2020-02-29,0,0,0,0
Cabo Verde,16.5388,-23.0418,2020-03-01,0,0,0,0
Cabo Verde,16.5388,-23.0418,2020-03-02,0,0,0,0
Cabo Verde,16.5388,-23.0418,2020-03-03,0,0,0,0
Cabo Verde,16.5388,-23.0418,2020-03-04,0,0,0,0
Cabo Verde,16.5388,-23.0418,2020-03-05,0,0,0,0
Cabo Verde,16.5388,-23.0418,2020-03-06,0,0,0,0
Cabo Verde,16.5388,-23.0418,2020-03-07,0,0,0,0
Cabo Verde,16.5388,-23.0418,2020-03-08,0,0,0,0
Cabo Verde,16.5388,-23.0418,2020-03-09,0,0,0,0
Cabo Verde,16.5388,-23.0418,2020-03-10,0,0,0,0
Cabo Verde,16.5388,-23.0418,2020-03-11,0,0,0,0
Cabo Verde,16.5388,-23.0418,2020-03-12,0,0,0,0
Cabo Verde,16.5388,-23.0418,2020-03-13,0,0,0,0
Cabo Verde,16.5388,-23.0418,2020-03-14,0,0,0,0
Cabo Verde,16.5388,-23.0418,2020-03-15,0,0,0,0
Cabo Verde,16.5388,-23.0418,2020-03-16,0,0,0,0
Cabo Verde,16.5388,-23.0418,2020-03-17,0,0,0,0
Cabo Verde,16.5388,-23.0418,2020-03-18,0,0,0,0
Cabo Verde,16.5388,-23.0418,2020-03-19,0,0,0,0
Cabo Verde,16.5388,-23.0418,2020-03-20,1,0,0,1
Cabo Verde,16.5388,-23.0418,2020-03-21,3,0,0,2
Cabo Verde,16.5388,-23.0418,2020-03-22,3,0,0,0
Cabo Verde,16.5388,-23.0418,2020-03-23,3,0,0,0
Cabo Verde,16.5388,-23.0418,2020-03-24,3,1,0,0
Cabo Verde,16.5388,-23.0418,2020-03-25,4,1,0,1
Cabo Verde,16.5388,-23.0418,2020-03-26,4,1,0,0
Cabo Verde,16.5388,-23.0418,2020-03-27,5,1,0,1
Cabo Verde,16.5388,-23.0418,2020-03-28,5,1,0,0
Cabo Verde,16.5388,-23.0418,2020-03-29,6,1,0,1
Cabo Verde,16.5388,-23.0418,2020-03-30,6,1,0,0
Cabo Verde,16.5388,-23.0418,2020-03-31,6,1,0,0
Cabo Verde,16.5388,-23.0418,2020-04-01,6,1,0,0
Cabo Verde,16.5388,-23.0418,2020-04-02,6,1,0,0
Cabo Verde,16.5388,-23.0418,2020-04-03,6,1,0,0
Cabo Verde,16.5388,-23.0418,2020-04-04,7,1,0,1
Cabo Verde,16.5388,-23.0418,2020-04-05,7,1,0,0
Cabo Verde,16.5388,-23.0418,2020-04-06,7,1,1,0
Cabo Verde,16.5388,-23.0418,2020-04-07,7,1,1,0
Cabo Verde,16.5388,-23.0418,2020-04-08,7,1,1,0
Cabo Verde,16.5388,-23.0418,2020-04-09,7,1,1,0
Cabo Verde,16.5388,-23.0418,2020-04-10,7,1,1,0
Cabo Verde,16.5388,-23.0418,2020-04-11,8,1,1,1
Cabo Verde,16.5388,-23.0418,2020-04-12,8,1,1,0
Cabo Verde,16.5388,-23.0418,2020-04-13,10,1,1,2
Cabo Verde,16.5388,-23.0418,2020-04-14,11,1,1,1
Cabo Verde,16.5388,-23.0418,2020-04-15,56,1,1,45
Cabo Verde,16.5388,-23.0418,2020-04-16,56,1,1,0
Cabo Verde,16.5388,-23.0418,2020-04-17,56,1,1,0
Cabo Verde,16.5388,-23.0418,2020-04-18,58,1,1,2
Cabo Verde,16.5388,-23.0418,2020-04-19,61,1,1,3
Cabo Verde,16.5388,-23.0418,2020-04-20,67,1,1,6
Cabo Verde,16.5388,-23.0418,2020-04-21,68,1,1,1
Cabo Verde,16.5388,-23.0418,2020-04-22,73,1,1,5
Cabo Verde,16.5388,-23.0418,2020-04-23,82,1,1,9
Ghana,7.9465,-1.0232,2020-01-22,0,0,0,0
Ghana,7.9465,-1.0232,2020-01-23,0,0,0,0
Ghana,7.9465,-1.0232,2020-01-24,0,0,0,0
Ghana,7.9465,-1.0232,2020-01-25,0,0,0,0
Ghana,7.9465,-1.0232,2020-01-26,0,0,0,0
Ghana,7.9465,-1.0232,2020-01-27,0,0,0,0
Ghana,7.9465,-1.0232,2020-01-28,0,0,0,0
Ghana,7.9465,-1.0232,2020-01-29,0,0,0,0
Ghana,7.9465,-1.0232,2020-01-30,0,0,0,0
Ghana,7.9465,-1.0232,2020-01-31,0,0,0,0
Ghana,7.9465,-1.0232,2020-02-01,0,0,0,0
Ghana,7.9465,-1.0232,2020-02-02,0,0,0,0
Ghana,7.9465,-1.0232,2020-02-03,0,0,0,0
Ghana,7.9465,-1.0232,2020-02-04,0,0,0,0
Ghana,7.9465,-1.0232,2020-02-05,0,0,0,0
Ghana,7.9465,-1.0232,2020-02-06,0,0,0,0
Ghana,7.9465,-1.0232,2020-02-07,0,0,0,0
Ghana,7.9465,-1.0232,2020-02-08,0,0,0,0
Ghana,7.9465,-1.0232,2020-02-09,0,0,0,0
Ghana,7.9465,-1.0232,2020-02-10,0,0,0,0
Ghana,7.9465,-1.0232,2020-02-11,0,0,0,0
Ghana,7.9465,-1.0232,2020-02-12,0,0,0,0
Ghana,7.9465,-1.0232,2020-02-13,0,0,0,0
Ghana,7.9465,-1.0232,2020-02-14,0,0,0,0
Ghana,7.9465,-1.0232,2020-02-15,0,0,0,0
Ghana,7.9465,-1.0232,2020-02-16,0,0,0,0
Ghana,7.9465,-1.0232,2020-02-17,0,0,0,0
Ghana,7.9465,-1.0232,2020-02-18,0,0,0,0
Ghana,7.9465,-1.0232,2020-02-19,0,0,0,0
Ghana,7.9465,-1.0232,2020-02-20,0,0,0,0
Ghana,7.9465,-1.0232,2020-02-21,0,0,0,0
Ghana,7.9465,-1.0232,2020-02-22,0,0,0,0
Ghana,7.9465,-1.0232,2020-02-23,0,0,0,0
Ghana,7.9465,-1.0232,2020-02-24,0,0,0,0
Ghana,7.9465,-1.0232,2020-02-25,0,0,0,0
Ghana,7.9465,-1.0232,2020-02-26,0,0,0,0
Ghana,7.9465,-1.0232,2020-02-27,0,0,0,0
Ghana,7.9465,-1.0232,2020-02-28,0,0,0,0
Ghana,7.9465,-1.0232,2020-02-29,0,0,0,0
Ghana,7.9465,-1.0232,2020-03-01,0,0,0,0
Ghana,7.9465,-1.0232,2020-03-02,0,0,0,0
Ghana,7.9465,-1.0232,2020-03-03,0,0,0,0
Ghana,7.9465,-1.0232,2020-03-04,0,0,0,0
Ghana,7.9465,-1.0232,2020-03-05,0,0,0,0
Ghana,7.9465,-1.0232,2020-03-06,0,0,0,0
Ghana,7.9465,-1.0232,2020-03-07,0,0,0,0
Ghana,7.9465,-1.0232,2020-03-08,0,0,0,0
Ghana,7.9465,-1.0232,2020-03-09,0,0,0,0
Ghana,7.9465,-1.0232,2020-03-10,0,0,0,0
Ghana,7.9465,-1.0232,2020-03-11,0,0,0,0
Ghana,7.9465,-1.0232,2020-03-12,0,0,0,0
Ghana,7.9465,-1.0232,2020-03-13,0,0,0,0
Ghana,7.9465,-1.0232,2020-03-14,3,0,0,3
Ghana,7.9465,-1.0232,2020-03-15,6,0,0,3
Ghana,7.9465,-1.0232,2020-03-16,6,0,0,0
Ghana,7.9465,-1.0232,2020-03-17,7,0,0,1
Ghana,7.9465,-1.0232,2020-03-18,7,0,0,0
Ghana,7.9465,-1.0232,2020-03-19,11,0,0,4
Ghana,7.9465,-1.0232,2020-03-20,16,0,0,5
Ghana,7.9465,-1.0232,2020-03-21,19,1,0,3
Ghana,7.9465,-1.0232,2020-03-22,23,1,0,4
Ghana,7.9465,-1.0232,2020-03-23,27,2,0,4
Ghana,7.9465,-1.0232,2020-03-24,53,2,0,26
Ghana,7.9465,-1.0232,2020-03-25,93,4,0,40
Ghana,7.9465,-1.0232,2020-03-26,132,4,1,39
Ghana,7.9465,-1.0232,2020-03-27,137,4,2,5
Ghana,7.9465,-1.0232,2020-03-28,141,5,2,4
Ghana,7.9465,-1.0232,2020-03-29,152,5,2,11
Ghana,7.9465,-1.0232,2020-03-30,152,5,2,0
Ghana,7.9465,-1.0232,2020-03-31,161,5,31,9
Ghana,7.9465,-1.0232,2020-04-01,195,5,31,34
Ghana,7.9465,-1.0232,2020-04-02,204,5,31,9
Ghana,7.9465,-1.0232,2020-04-03,205,5,31,1
Ghana,7.9465,-1.0232,2020-04-04,205,5,31,0
Ghana,7.9465,-1.0232,2020-04-05,214,5,31,9
Ghana,7.9465,-1.0232,2020-04-06,214,5,31,0
Ghana,7.9465,-1.0232,2020-04-07,287,5,31,73
Ghana,7.9465,-1.0232,2020-04-08,313,6,34,26
Ghana,7.9465,-1.0232,2020-04-09,378,6,3,65
Ghana,7.9465,-1.0232,2020-04-10,378,6,4,0
Ghana,7.9465,-1.0232,2020-04-11,408,8,4,30
Ghana,7.9465,-1.0232,2020-04-12,566,8,4,158
Ghana,7.9465,-1.0232,2020-04-13,566,8,4,0
Ghana,7.9465,-1.0232,2020-04-14,636,8,17,70
Ghana,7.9465,-1.0232,2020-04-15,636,8,17,0
Ghana,7.9465,-1.0232,2020-04-16,641,8,83,5
Ghana,7.9465,-1.0232,2020-04-17,641,8,83,0
Ghana,7.9465,-1.0232,2020-04-18,834,9,99,193
Ghana,7.9465,-1.0232,2020-04-19,1042,9,99,208
Ghana,7.9465,-1.0232,2020-04-20,1042,9,99,0
Ghana,7.9465,-1.0232,2020-04-21,1042,9,99,0
Ghana,7.9465,-1.0232,2020-04-22,1154,9,99,112
Ghana,7.9465,-1.0232,2020-04-23,1154,9,99,0
Gambia,13.4432,-15.3101,2020-01-22,0,0,0,0
Gambia,13.4432,-15.3101,2020-01-23,0,0,0,0
Gambia,13.4432,-15.3101,2020-01-24,0,0,0,0
Gambia,13.4432,-15.3101,2020-01-25,0,0,0,0
Gambia,13.4432,-15.3101,2020-01-26,0,0,0,0
Gambia,13.4432,-15.3101,2020-01-27,0,0,0,0
Gambia,13.4432,-15.3101,2020-01-28,0,0,0,0
Gambia,13.4432,-15.3101,2020-01-29,0,0,0,0
Gambia,13.4432,-15.3101,2020-01-30,0,0,0,0
Gambia,13.4432,-15.3101,2020-01-31,0,0,0,0
Gambia,13.4432,-15.3101,2020-02-01,0,0,0,0
Gambia,13.4432,-15.3101,2020-02-02,0,0,0,0
Gambia,13.4432,-15.3101,2020-02-03,0,0,0,0
Gambia,13.4432,-15.3101,2020-02-04,0,0,0,0
Gambia,13.4432,-15.3101,2020-02-05,0,0,0,0
Gambia,13.4432,-15.3101,2020-02-06,0,0,0,0
Gambia,13.4432,-15.3101,2020-02-07,0,0,0,0
Gambia,13.4432,-15.3101,2020-02-08,0,0,0,0
Gambia,13.4432,-15.3101,2020-02-09,0,0,0,0
Gambia,13.4432,-15.3101,2020-02-10,0,0,0,0
Gambia,13.4432,-15.3101,2020-02-11,0,0,0,0
Gambia,13.4432,-15.3101,2020-02-12,0,0,0,0
Gambia,13.4432,-15.3101,2020-02-13,0,0,0,0
Gambia,13.4432,-15.3101,2020-02-14,0,0,0,0
Gambia,13.4432,-15.3101,2020-02-15,0,0,0,0
Gambia,13.4432,-15.3101,2020-02-16,0,0,0,0
Gambia,13.4432,-15.3101,2020-02-17,0,0,0,0
Gambia,13.4432,-15.3101,2020-02-18,0,0,0,0
Gambia,13.4432,-15.3101,2020-02-19,0,0,0,0
Gambia,13.4432,-15.3101,2020-02-20,0,0,0,0
Gambia,13.4432,-15.3101,2020-02-21,0,0,0,0
Gambia,13.4432,-15.3101,2020-02-22,0,0,0,0
Gambia,13.4432,-15.3101,2020-02-23,0,0,0,0
Gambia,13.4432,-15.3101,2020-02-24,0,0,0,0
Gambia,13.4432,-15.3101,2020-02-25,0,0,0,0
Gambia,13.4432,-15.3101,2020-02-26,0,0,0,0
Gambia,13.4432,-15.3101,2020-02-27,0,0,0,0
Gambia,13.4432,-15.3101,2020-02-28,0,0,0,0
Gambia,13.4432,-15.3101,2020-02-29,0,0,0,0
Gambia,13.4432,-15.3101,2020-03-01,0,0,0,0
Gambia,13.4432,-15.3101,2020-03-02,0,0,0,0
Gambia,13.4432,-15.3101,2020-03-03,0,0,0,0
Gambia,13.4432,-15.3101,2020-03-04,0,0,0,0
Gambia,13.4432,-15.3101,2020-03-05,0,0,0,0
Gambia,13.4432,-15.3101,2020-03-06,0,0,0,0
Gambia,13.4432,-15.3101,2020-03-07,0,0,0,0
Gambia,13.4432,-15.3101,2020-03-08,0,0,0,0
Gambia,13.4432,-15.3101,2020-03-09,0,0,0,0
Gambia,13.4432,-15.3101,2020-03-10,0,0,0,0
Gambia,13.4432,-15.3101,2020-03-11,0,0,0,0
Gambia,13.4432,-15.3101,2020-03-12,0,0,0,0
Gambia,13.4432,-15.3101,2020-03-13,0,0,0,0
Gambia,13.4432,-15.3101,2020-03-14,0,0,0,0
Gambia,13.4432,-15.3101,2020-03-15,0,0,0,0
Gambia,13.4432,-15.3101,2020-03-16,0,0,0,0
Gambia,13.4432,-15.3101,2020-03-17,1,0,0,1
Gambia,13.4432,-15.3101,2020-03-18,1,0,0,0
Gambia,13.4432,-15.3101,2020-03-19,1,0,0,0
Gambia,13.4432,-15.3101,2020-03-20,1,0,0,0
Gambia,13.4432,-15.3101,2020-03-21,1,0,0,0
Gambia,13.4432,-15.3101,2020-03-22,1,0,0,0
Gambia,13.4432,-15.3101,2020-03-23,2,1,0,1
Gambia,13.4432,-15.3101,2020-03-24,3,1,0,1
Gambia,13.4432,-15.3101,2020-03-25,3,1,0,0
Gambia,13.4432,-15.3101,2020-03-26,3,1,0,0
Gambia,13.4432,-15.3101,2020-03-27,3,1,0,0
Gambia,13.4432,-15.3101,2020-03-28,3,1,0,0
Gambia,13.4432,-15.3101,2020-03-29,4,1,0,1
Gambia,13.4432,-15.3101,2020-03-30,4,1,0,0
Gambia,13.4432,-15.3101,2020-03-31,4,1,0,0
Gambia,13.4432,-15.3101,2020-04-01,4,1,2,0
Gambia,13.4432,-15.3101,2020-04-02,4,1,2,0
Gambia,13.4432,-15.3101,2020-04-03,4,1,2,0
Gambia,13.4432,-15.3101,2020-04-04,4,1,2,0
Gambia,13.4432,-15.3101,2020-04-05,4,1,2,0
Gambia,13.4432,-15.3101,2020-04-06,4,1,2,0
Gambia,13.4432,-15.3101,2020-04-07,4,1,2,0
Gambia,13.4432,-15.3101,2020-04-08,4,1,2,0
Gambia,13.4432,-15.3101,2020-04-09,4,1,2,0
Gambia,13.4432,-15.3101,2020-04-10,4,1,2,0
Gambia,13.4432,-15.3101,2020-04-11,9,1,2,5
Gambia,13.4432,-15.3101,2020-04-12,9,1,2,0
Gambia,13.4432,-15.3101,2020-04-13,9,1,2,0
Gambia,13.4432,-15.3101,2020-04-14,9,1,2,0
Gambia,13.4432,-15.3101,2020-04-15,9,1,2,0
Gambia,13.4432,-15.3101,2020-04-16,9,1,2,0
Gambia,13.4432,-15.3101,2020-04-17,9,1,2,0
Gambia,13.4432,-15.3101,2020-04-18,9,1,2,0
Gambia,13.4432,-15.3101,2020-04-19,10,1,2,1
Gambia,13.4432,-15.3101,2020-04-20,10,1,2,0
Gambia,13.4432,-15.3101,2020-04-21,10,1,2,0
Gambia,13.4432,-15.3101,2020-04-22,10,1,2,0
Gambia,13.4432,-15.3101,2020-04-23,10,1,2,0
Guinea,9.9456,-9.6966,2020-01-22,0,0,0,0
Guinea,9.9456,-9.6966,2020-01-23,0,0,0,0
Guinea,9.9456,-9.6966,2020-01-24,0,0,0,0
Guinea,9.9456,-9.6966,2020-01-25,0,0,0,0
Guinea,9.9456,-9.6966,2020-01-26,0,0,0,0
Guinea,9.9456,-9.6966,2020-01-27,0,0,0,0
Guinea,9.9456,-9.6966,2020-01-28,0,0,0,0
Guinea,9.9456,-9.6966,2020-01-29,0,0,0,0
Guinea,9.9456,-9.6966,2020-01-30,0,0,0,0
Guinea,9.9456,-9.6966,2020-01-31,0,0,0,0
Guinea,9.9456,-9.6966,2020-02-01,0,0,0,0
Guinea,9.9456,-9.6966,2020-02-02,0,0,0,0
Guinea,9.9456,-9.6966,2020-02-03,0,0,0,0
Guinea,9.9456,-9.6966,2020-02-04,0,0,0,0
Guinea,9.9456,-9.6966,2020-02-05,0,0,0,0
Guinea,9.9456,-9.6966,2020-02-06,0,0,0,0
Guinea,9.9456,-9.6966,2020-02-07,0,0,0,0
Guinea,9.9456,-9.6966,2020-02-08,0,0,0,0
Guinea,9.9456,-9.6966,2020-02-09,0,0,0,0
Guinea,9.9456,-9.6966,2020-02-10,0,0,0,0
Guinea,9.9456,-9.6966,2020-02-11,0,0,0,0
Guinea,9.9456,-9.6966,2020-02-12,0,0,0,0
Guinea,9.9456,-9.6966,2020-02-13,0,0,0,0
Guinea,9.9456,-9.6966,2020-02-14,0,0,0,0
Guinea,9.9456,-9.6966,2020-02-15,0,0,0,0
Guinea,9.9456,-9.6966,2020-02-16,0,0,0,0
Guinea,9.9456,-9.6966,2020-02-17,0,0,0,0
Guinea,9.9456,-9.6966,2020-02-18,0,0,0,0
Guinea,9.9456,-9.6966,2020-02-19,0,0,0,0
Guinea,9.9456,-9.6966,2020-02-20,0,0,0,0
Guinea,9.9456,-9.6966,2020-02-21,0,0,0,0
Guinea,9.9456,-9.6966,2020-02-22,0,0,0,0
Guinea,9.9456,-9.6966,2020-02-23,0,0,0,0
Guinea,9.9456,-9.6966,2020-02-24,0,0,0,0
Guinea,9.9456,-9.6966,2020-02-25,0,0,0,0
Guinea,9.9456,-9.6966,2020-02-26,0,0,0,0
Guinea,9.9456,-9.6966,2020-02-27,0,0,0,0
Guinea,9.9456,-9.6966,2020-02-28,0,0,0,0
Guinea,9.9456,-9.6966,2020-02-29,0,0,0,0
Guinea,9.9456,-9.6966,2020-03-01,0,0,0,0
Guinea,9.9456,-9.6966,2020-03-02,0,0,0,0
Guinea,9.9456,-9.6966,2020-03-03,0,0,0,0
Guinea,9.9456,-9.6966,2020-03-04,0,0,0,0
Guinea,9.9456,-9.6966,2020-03-05,0,0,0,0
Guinea,9.9456,-9.6966,2020-03-06,0,0,0,0
Guinea,9.9456,-9.6966,2020-03-07,0,0,0,0
Guinea,9.9456,-9.6966,2020-03-08,0,0,0,0
Guinea,9.9456,-9.6966,2020-03-09,0,0,0,0
Guinea,9.9456,-9.6966,2020-03-10,0,0,0,0
Guinea,9.9456,-9.6966,2020-03-11,0,0,0,0
Guinea,9.9456,-9.6966,2020-03-12,0,0,0,0
Guinea,9.9456,-9.6966,2020-03-13,1,0,0,1
Guinea,9.9456,-9.6966,2020-03-14,1,0,0,0
Guinea,9.9456,-9.6966,2020-03-15,1,0,0,0
Guinea,9.9456,-9.6966,2020-03-16,1,0,0,0
Guinea,9.9456,-9.6966,2020-03-17,1,0,0,0
Guinea,9.9456,-9.6966,2020-03-18,1,0,0,0
Guinea,9.9456,-9.6966,2020-03-19,1,0,0,0
Guinea,9.9456,-9.6966,2020-03-20,1,0,0,0
Guinea,9.9456,-9.6966,2020-03-21,2,0,0,1
Guinea,9.9456,-9.6966,2020-03-22,2,0,0,0
Guinea,9.9456,-9.6966,2020-03-23,4,0,0,2
Guinea,9.9456,-9.6966,2020-03-24,4,0,0,0
Guinea,9.9456,-9.6966,2020-03-25,4,0,0,0
Guinea,9.9456,-9.6966,2020-03-26,4,0,0,0
Guinea,9.9456,-9.6966,2020-03-27,8,0,0,4
Guinea,9.9456,-9.6966,2020-03-28,8,0,0,0
Guinea,9.9456,-9.6966,2020-03-29,16,0,0,8
Guinea,9.9456,-9.6966,2020-03-30,22,0,0,6
Guinea,9.9456,-9.6966,2020-03-31,22,0,0,0
Guinea,9.9456,-9.6966,2020-04-01,30,0,0,8
Guinea,9.9456,-9.6966,2020-04-02,52,0,0,22
Guinea,9.9456,-9.6966,2020-04-03,73,0,2,21
Guinea,9.9456,-9.6966,2020-04-04,111,0,5,38
Guinea,9.9456,-9.6966,2020-04-05,121,0,5,10
Guinea,9.9456,-9.6966,2020-04-06,128,0,5,7
Guinea,9.9456,-9.6966,2020-04-07,144,0,5,16
Guinea,9.9456,-9.6966,2020-04-08,164,0,5,20
Guinea,9.9456,-9.6966,2020-04-09,194,0,11,30
Guinea,9.9456,-9.6966,2020-04-10,212,0,15,18
Guinea,9.9456,-9.6966,2020-04-11,250,0,17,38
Guinea,9.9456,-9.6966,2020-04-12,250,0,17,0
Guinea,9.9456,-9.6966,2020-04-13,319,0,17,69
Guinea,9.9456,-9.6966,2020-04-14,363,0,31,44
Guinea,9.9456,-9.6966,2020-04-15,404,1,31,41
Guinea,9.9456,-9.6966,2020-04-16,438,1,49,34
Guinea,9.9456,-9.6966,2020-04-17,477,3,59,39
Guinea,9.9456,-9.6966,2020-04-18,518,3,65,41
Guinea,9.9456,-9.6966,2020-04-19,579,5,87,61
Guinea,9.9456,-9.6966,2020-04-20,622,5,122,43
Guinea,9.9456,-9.6966,2020-04-21,688,6,127,66
Guinea,9.9456,-9.6966,2020-04-22,761,6,164,73
Guinea,9.9456,-9.6966,2020-04-23,862,6,170,101
Guinea-Bissau,11.8037,-15.1804,2020-01-22,0,0,0,0
Guinea-Bissau,11.8037,-15.1804,2020-01-23,0,0,0,0
Guinea-Bissau,11.8037,-15.1804,2020-01-24,0,0,0,0
Guinea-Bissau,11.8037,-15.1804,2020-01-25,0,0,0,0
Guinea-Bissau,11.8037,-15.1804,2020-01-26,0,0,0,0
Guinea-Bissau,11.8037,-15.1804,2020-01-27,0,0,0,0
Guinea-Bissau,11.8037,-15.1804,2020-01-28,0,0,0,0
Guinea-Bissau,11.8037,-15.1804,2020-01-29,0,0,0,0
Guinea-Bissau,11.8037,-15.1804,2020-01-30,0,0,0,0
Guinea-Bissau,11.8037,-15.1804,2020-01-31,0,0,0,0
Guinea-Bissau,11.8037,-15.1804,2020-02-01,0,0,0,0
Guinea-Bissau,11.8037,-15.1804,2020-02-02,0,0,0,0
Guinea-Bissau,11.8037,-15.1804,2020-02-03,0,0,0,0
Guinea-Bissau,11.8037,-15.1804,2020-02-04,0,0,0,0
Guinea-Bissau,11.8037,-15.1804,2020-02-05,0,0,0,0
Guinea-Bissau,11.8037,-15.1804,2020-02-06,0,0,0,0
Guinea-Bissau,11.8037,-15.1804,2020-02-07,0,0,0,0
Guinea-Bissau,11.8037,-15.1804,2020-02-08,0,0,0,0
Guinea-Bissau,11.8037,-15.1804,2020-02-09,0,0,0,0
Guinea-Bissau,11.8037,-15.1804,2020-02-10,0,0,0,0
Guinea-Bissau,11.8037,-15.1804,2020-02-11,0,0,0,0
Guinea-Bissau,11.8037,-15.1804,2020-02-12,0,0,0,0
Guinea-Bissau,11.8037,-15.1804,2020-02-13,0,0,0,0
Guinea-Bissau,11.8037,-15.1804,2020-02-14,0,0,0,0
Guinea-Bissau,11.8037,-15.1804,2020-02-15,0,0,0,0
Guinea-Bissau,11.8037,-15.1804,2020-02-16,0,0,0,0
Guinea-Bissau,11.8037,-15.1804,2020-02-17,0,0,0,0
Guinea-Bissau,11.8037,-15.1804,2020-02-18,0,0,0,0
Guinea-Bissau,11.8037,-15.1804,2020-02-19,0,0,0,0
Guinea-Bissau,11.8037,-15.1804,2020-02-20,0,0,0,0
Guinea-Bissau,11.8037,-15.1804,2020-02-21,0,0,0,0
Guinea-Bissau,11.8037,-15.1804,2020-02-22,0,0,0,0
Guinea-Bissau,11.8037,-15.1804,2020-02-23,0,0,0,0
Guinea-Bissau,11.8037,-15.1804,2020-02-24,0,0,0,0
Guinea-Bissau,11.8037,-15.1804,2020-02-25,0,0,0,0
Guinea-Bissau,11.8037,-15.1804,2020-02-26,0,0,0,0
Guinea-Bissau,11.8037,-15.1804,2020-02-27,0,0,0,0
Guinea-Bissau,11.8037,-15.1804,2020-02-28,0,0,0,0
Guinea-Bissau,11.8037,-15.1804,2020-02-29,0,0,0,0
Guinea-Bissau,11.8037,-15.1804,2020-03-01,0,0,0,0
Guinea-Bissau,11.8037,-15.1804,2020-03-02,0,0,0,0
Guinea-Bissau,11.8037,-15.1804,2020-03-03,0,0,0,0
Guinea-Bissau,11.8037,-15.1804,2020-03-04,0,0,0,0
Guinea-Bissau,11.8037,-15.1804,2020-03-05,0,0,0,0
Guinea-Bissau,11.8037,-15.1804,2020-03-06,0,0,0,0
Guinea-Bissau,11.8037,-15.1804,2020-03-07,0,0,0,0
Guinea-Bissau,11.8037,-15.1804,2020-03-08,0,0,0,0
Guinea-Bissau,11.8037,-15.1804,2020-03-09,0,0,0,0
Guinea-Bissau,11.8037,-15.1804,2020-03-10,0,0,0,0
Guinea-Bissau,11.8037,-15.1804,2020-03-11,0,0,0,0
Guinea-Bissau,11.8037,-15.1804,2020-03-12,0,0,0,0
Guinea-Bissau,11.8037,-15.1804,2020-03-13,0,0,0,0
Guinea-Bissau,11.8037,-15.1804,2020-03-14,0,0,0,0
Guinea-Bissau,11.8037,-15.1804,2020-03-15,0,0,0,0
Guinea-Bissau,11.8037,-15.1804,2020-03-16,0,0,0,0
Guinea-Bissau,11.8037,-15.1804,2020-03-17,0,0,0,0
Guinea-Bissau,11.8037,-15.1804,2020-03-18,0,0,0,0
Guinea-Bissau,11.8037,-15.1804,2020-03-19,0,0,0,0
Guinea-Bissau,11.8037,-15.1804,2020-03-20,0,0,0,0
Guinea-Bissau,11.8037,-15.1804,2020-03-21,0,0,0,0
Guinea-Bissau,11.8037,-15.1804,2020-03-22,0,0,0,0
Guinea-Bissau,11.8037,-15.1804,2020-03-23,0,0,0,0
Guinea-Bissau,11.8037,-15.1804,2020-03-24,0,0,0,0
Guinea-Bissau,11.8037,-15.1804,2020-03-25,2,0,0,2
Guinea-Bissau,11.8037,-15.1804,2020-03-26,2,0,0,0
Guinea-Bissau,11.8037,-15.1804,2020-03-27,2,0,0,0
Guinea-Bissau,11.8037,-15.1804,2020-03-28,2,0,0,0
Guinea-Bissau,11.8037,-15.1804,2020-03-29,2,0,0,0
Guinea-Bissau,11.8037,-15.1804,2020-03-30,8,0,0,6
Guinea-Bissau,11.8037,-15.1804,2020-03-31,8,0,0,0
Guinea-Bissau,11.8037,-15.1804,2020-04-01,9,0,0,1
Guinea-Bissau,11.8037,-15.1804,2020-04-02,9,0,0,0
Guinea-Bissau,11.8037,-15.1804,2020-04-03,15,0,0,6
Guinea-Bissau,11.8037,-15.1804,2020-04-04,18,0,0,3
Guinea-Bissau,11.8037,-15.1804,2020-04-05,18,0,0,0
Guinea-Bissau,11.8037,-15.1804,2020-04-06,18,0,0,0
Guinea-Bissau,11.8037,-15.1804,2020-04-07,33,0,0,15
Guinea-Bissau,11.8037,-15.1804,2020-04-08,33,0,0,0
Guinea-Bissau,11.8037,-15.1804,2020-04-09,36,0,0,3
Guinea-Bissau,11.8037,-15.1804,2020-04-10,36,0,0,0
Guinea-Bissau,11.8037,-15.1804,2020-04-11,38,0,0,2
Guinea-Bissau,11.8037,-15.1804,2020-04-12,38,0,0,0
Guinea-Bissau,11.8037,-15.1804,2020-04-13,38,0,0,0
Guinea-Bissau,11.8037,-15.1804,2020-04-14,38,0,0,0
Guinea-Bissau,11.8037,-15.1804,2020-04-15,43,0,0,5
Guinea-Bissau,11.8037,-15.1804,2020-04-16,43,0,0,0
Guinea-Bissau,11.8037,-15.1804,2020-04-17,43,0,0,0
Guinea-Bissau,11.8037,-15.1804,2020-04-18,46,0,0,3
Guinea-Bissau,11.8037,-15.1804,2020-04-19,50,0,3,4
Guinea-Bissau,11.8037,-15.1804,2020-04-20,50,0,3,0
Guinea-Bissau,11.8037,-15.1804,2020-04-21,50,0,3,0
Guinea-Bissau,11.8037,-15.1804,2020-04-22,50,0,3,0
Guinea-Bissau,11.8037,-15.1804,2020-04-23,50,0,3,0
Liberia,6.4281,-9.4295,2020-01-22,0,0,0,0
Liberia,6.4281,-9.4295,2020-01-23,0,0,0,0
Liberia,6.4281,-9.4295,2020-01-24,0,0,0,0
Liberia,6.4281,-9.4295,2020-01-25,0,0,0,0
Liberia,6.4281,-9.4295,2020-01-26,0,0,0,0
Liberia,6.4281,-9.4295,2020-01-27,0,0,0,0
Liberia,6.4281,-9.4295,2020-01-28,0,0,0,0
Liberia,6.4281,-9.4295,2020-01-29,0,0,0,0
Liberia,6.4281,-9.4295,2020-01-30,0,0,0,0
Liberia,6.4281,-9.4295,2020-01-31,0,0,0,0
Liberia,6.4281,-9.4295,2020-02-01,0,0,0,0
Liberia,6.4281,-9.4295,2020-02-02,0,0,0,0
Liberia,6.4281,-9.4295,2020-02-03,0,0,0,0
Liberia,6.4281,-9.4295,2020-02-04,0,0,0,0
Liberia,6.4281,-9.4295,2020-02-05,0,0,0,0
Liberia,6.4281,-9.4295,2020-02-06,0,0,0,0
Liberia,6.4281,-9.4295,2020-02-07,0,0,0,0
Liberia,6.4281,-9.4295,2020-02-08,0,0,0,0
Liberia,6.4281,-9.4295,2020-02-09,0,0,0,0
Liberia,6.4281,-9.4295,2020-02-10,0,0,0,0
Liberia,6.4281,-9.4295,2020-02-11,0,0,0,0
Liberia,6.4281,-9.4295,2020-02-12,0,0,0,0
Liberia,6.4281,-9.4295,2020-02-13,0,0,0,0
Liberia,6.4281,-9.4295,2020-02-14,0,0,0,0
Liberia,6.4281,-9.4295,2020-02-15,0,0,0,0
Liberia,6.4281,-9.4295,2020-02-16,0,0,0,0
Liberia,6.4281,-9.4295,2020-02-17,0,0,0,0
Liberia,6.4281,-9.4295,2020-02-18,0,0,0,0
Liberia,6.4281,-9.4295,2020-02-19,0,0,0,0
Liberia,6.4281,-9.4295,2020-02-20,0,0,0,0
Liberia,6.4281,-9.4295,2020-02-21,0,0,0,0
Liberia,6.4281,-9.4295,2020-02-22,0,0,0,0
Liberia,6.4281,-9.4295,2020-02-23,0,0,0,0
Liberia,6.4281,-9.4295,2020-02-24,0,0,0,0
Liberia,6.4281,-9.4295,2020-02-25,0,0,0,0
Liberia,6.4281,-9.4295,2020-02-26,0,0,0,0
Liberia,6.4281,-9.4295,2020-02-27,0,0,0,0
Liberia,6.4281,-9.4295,2020-02-28,0,0,0,0
Liberia,6.4281,-9.4295,2020-02-29,0,0,0,0
Liberia,6.4281,-9.4295,2020-03-01,0,0,0,0
Liberia,6.4281,-9.4295,2020-03-02,0,0,0,0
Liberia,6.4281,-9.4295,2020-03-03,0,0,0,0
Liberia,6.4281,-9.4295,2020-03-04,0,0,0,0
Liberia,6.4281,-9.4295,2020-03-05,0,0,0,0
Liberia,6.4281,-9.4295,2020-03-06,0,0,0,0
Liberia,6.4281,-9.4295,2020-03-07,0,0,0,0
Liberia,6.4281,-9.4295,2020-03-08,0,0,0,0
Liberia,6.4281,-9.4295,2020-03-09,0,0,0,0
Liberia,6.4281,-9.4295,2020-03-10,0,0,0,0
Liberia,6.4281,-9.4295,2020-03-11,0,0,0,0
Liberia,6.4281,-9.4295,2020-03-12,0,0,0,0
Liberia,6.4281,-9.4295,2020-03-13,0,0,0,0
Liberia,6.4281,-9.4295,2020-03-14,0,0,0,0
Liberia,6.4281,-9.4295,2020-03-15,0,0,0,0
Liberia,6.4281,-9.4295,2020-03-16,1,0,0,1
Liberia,6.4281,-9.4295,2020-03-17,1,0,0,0
Liberia,6.4281,-9.4295,2020-03-18,2,0,0,1
Liberia,6.4281,-9.4295,2020-03-19,2,0,0,0
Liberia,6.4281,-9.4295,2020-03-20,2,0,0,0
Liberia,6.4281,-9.4295,2020-03-21,3,0,0,1
Liberia,6.4281,-9.4295,2020-03-22,3,0,0,0
Liberia,6.4281,-9.4295,2020-03-23,3,0,0,0
Liberia,6.4281,-9.4295,2020-03-24,3,0,0,0
Liberia,6.4281,-9.4295,2020-03-25,3,0,0,0
Liberia,6.4281,-9.4295,2020-03-26,3,0,0,0
Liberia,6.4281,-9.4295,2020-03-27,3,0,0,0
Liberia,6.4281,-9.4295,2020-03-28,3,0,0,0
Liberia,6.4281,-9.4295,2020-03-29,3,0,0,0
Liberia,6.4281,-9.4295,2020-03-30,3,0,0,0
Liberia,6.4281,-9.4295,2020-03-31,3,0,0,0
Liberia,6.4281,-9.4295,2020-04-01,6,0,0,3
Liberia,6.4281,-9.4295,2020-04-02,6,0,0,0
Liberia,6.4281,-9.4295,2020-04-03,7,0,0,1
Liberia,6.4281,-9.4295,2020-04-04,10,1,3,3
Liberia,6.4281,-9.4295,2020-04-05,13,3,3,3
Liberia,6.4281,-9.4295,2020-04-06,14,3,3,1
Liberia,6.4281,-9.4295,2020-04-07,14,3,3,0
Liberia,6.4281,-9.4295,2020-04-08,31,4,3,17
Liberia,6.4281,-9.4295,2020-04-09,31,4,3,0
Liberia,6.4281,-9.4295,2020-04-10,37,5,3,6
Liberia,6.4281,-9.4295,2020-04-11,48,5,3,11
Liberia,6.4281,-9.4295,2020-04-12,50,5,3,2
Liberia,6.4281,-9.4295,2020-04-13,59,6,4,9
Liberia,6.4281,-9.4295,2020-04-14,59,6,4,0
Liberia,6.4281,-9.4295,2020-04-15,59,6,4,0
Liberia,6.4281,-9.4295,2020-04-16,59,6,4,0
Liberia,6.4281,-9.4295,2020-04-17,76,7,7,17
Liberia,6.4281,-9.4295,2020-04-18,76,7,7,0
Liberia,6.4281,-9.4295,2020-04-19,91,8,7,15
Liberia,6.4281,-9.4295,2020-04-20,99,8,7,8
Liberia,6.4281,-9.4295,2020-04-21,101,8,7,2
Liberia,6.4281,-9.4295,2020-04-22,101,8,20,0
Liberia,6.4281,-9.4295,2020-04-23,101,8,20,0
Mali,17.570692,-3.996166000000001,2020-01-22,0,0,0,0
Mali,17.570692,-3.996166000000001,2020-01-23,0,0,0,0
Mali,17.570692,-3.996166000000001,2020-01-24,0,0,0,0
Mali,17.570692,-3.996166000000001,2020-01-25,0,0,0,0
Mali,17.570692,-3.996166000000001,2020-01-26,0,0,0,0
Mali,17.570692,-3.996166000000001,2020-01-27,0,0,0,0
Mali,17.570692,-3.996166000000001,2020-01-28,0,0,0,0
Mali,17.570692,-3.996166000000001,2020-01-29,0,0,0,0
Mali,17.570692,-3.996166000000001,2020-01-30,0,0,0,0
Mali,17.570692,-3.996166000000001,2020-01-31,0,0,0,0
Mali,17.570692,-3.996166000000001,2020-02-01,0,0,0,0
Mali,17.570692,-3.996166000000001,2020-02-02,0,0,0,0
Mali,17.570692,-3.996166000000001,2020-02-03,0,0,0,0
Mali,17.570692,-3.996166000000001,2020-02-04,0,0,0,0
Mali,17.570692,-3.996166000000001,2020-02-05,0,0,0,0
Mali,17.570692,-3.996166000000001,2020-02-06,0,0,0,0
Mali,17.570692,-3.996166000000001,2020-02-07,0,0,0,0
Mali,17.570692,-3.996166000000001,2020-02-08,0,0,0,0
Mali,17.570692,-3.996166000000001,2020-02-09,0,0,0,0
Mali,17.570692,-3.996166000000001,2020-02-10,0,0,0,0
Mali,17.570692,-3.996166000000001,2020-02-11,0,0,0,0
Mali,17.570692,-3.996166000000001,2020-02-12,0,0,0,0
Mali,17.570692,-3.996166000000001,2020-02-13,0,0,0,0
Mali,17.570692,-3.996166000000001,2020-02-14,0,0,0,0
Mali,17.570692,-3.996166000000001,2020-02-15,0,0,0,0
Mali,17.570692,-3.996166000000001,2020-02-16,0,0,0,0
Mali,17.570692,-3.996166000000001,2020-02-17,0,0,0,0
Mali,17.570692,-3.996166000000001,2020-02-18,0,0,0,0
Mali,17.570692,-3.996166000000001,2020-02-19,0,0,0,0
Mali,17.570692,-3.996166000000001,2020-02-20,0,0,0,0
Mali,17.570692,-3.996166000000001,2020-02-21,0,0,0,0
Mali,17.570692,-3.996166000000001,2020-02-22,0,0,0,0
Mali,17.570692,-3.996166000000001,2020-02-23,0,0,0,0
Mali,17.570692,-3.996166000000001,2020-02-24,0,0,0,0
Mali,17.570692,-3.996166000000001,2020-02-25,0,0,0,0
Mali,17.570692,-3.996166000000001,2020-02-26,0,0,0,0
Mali,17.570692,-3.996166000000001,2020-02-27,0,0,0,0
Mali,17.570692,-3.996166000000001,2020-02-28,0,0,0,0
Mali,17.570692,-3.996166000000001,2020-02-29,0,0,0,0
Mali,17.570692,-3.996166000000001,2020-03-01,0,0,0,0
Mali,17.570692,-3.996166000000001,2020-03-02,0,0,0,0
Mali,17.570692,-3.996166000000001,2020-03-03,0,0,0,0
Mali,17.570692,-3.996166000000001,2020-03-04,0,0,0,0
Mali,17.570692,-3.996166000000001,2020-03-05,0,0,0,0
Mali,17.570692,-3.996166000000001,2020-03-06,0,0,0,0
Mali,17.570692,-3.996166000000001,2020-03-07,0,0,0,0
Mali,17.570692,-3.996166000000001,2020-03-08,0,0,0,0
Mali,17.570692,-3.996166000000001,2020-03-09,0,0,0,0
Mali,17.570692,-3.996166000000001,2020-03-10,0,0,0,0
Mali,17.570692,-3.996166000000001,2020-03-11,0,0,0,0
Mali,17.570692,-3.996166000000001,2020-03-12,0,0,0,0
Mali,17.570692,-3.996166000000001,2020-03-13,0,0,0,0
Mali,17.570692,-3.996166000000001,2020-03-14,0,0,0,0
Mali,17.570692,-3.996166000000001,2020-03-15,0,0,0,0
Mali,17.570692,-3.996166000000001,2020-03-16,0,0,0,0
Mali,17.570692,-3.996166000000001,2020-03-17,0,0,0,0
Mali,17.570692,-3.996166000000001,2020-03-18,0,0,0,0
Mali,17.570692,-3.996166000000001,2020-03-19,0,0,0,0
Mali,17.570692,-3.996166000000001,2020-03-20,0,0,0,0
Mali,17.570692,-3.996166000000001,2020-03-21,0,0,0,0
Mali,17.570692,-3.996166000000001,2020-03-22,0,0,0,0
Mali,17.570692,-3.996166000000001,2020-03-23,0,0,0,0
Mali,17.570692,-3.996166000000001,2020-03-24,0,0,0,0
Mali,17.570692,-3.996166000000001,2020-03-25,2,0,0,2
Mali,17.570692,-3.996166000000001,2020-03-26,4,0,0,2
Mali,17.570692,-3.996166000000001,2020-03-27,11,0,0,7
Mali,17.570692,-3.996166000000001,2020-03-28,18,0,0,7
Mali,17.570692,-3.996166000000001,2020-03-29,18,1,0,0
Mali,17.570692,-3.996166000000001,2020-03-30,25,2,0,7
Mali,17.570692,-3.996166000000001,2020-03-31,28,2,0,3
Mali,17.570692,-3.996166000000001,2020-04-01,31,3,0,3
Mali,17.570692,-3.996166000000001,2020-04-02,36,3,0,5
Mali,17.570692,-3.996166000000001,2020-04-03,39,3,0,3
Mali,17.570692,-3.996166000000001,2020-04-04,41,3,1,2
Mali,17.570692,-3.996166000000001,2020-04-05,45,5,1,4
Mali,17.570692,-3.996166000000001,2020-04-06,47,5,9,2
Mali,17.570692,-3.996166000000001,2020-04-07,56,5,12,9
Mali,17.570692,-3.996166000000001,2020-04-08,59,7,16,3
Mali,17.570692,-3.996166000000001,2020-04-09,74,7,22,15
Mali,17.570692,-3.996166000000001,2020-04-10,87,7,22,13
Mali,17.570692,-3.996166000000001,2020-04-11,87,7,22,0
Mali,17.570692,-3.996166000000001,2020-04-12,105,9,22,18
Mali,17.570692,-3.996166000000001,2020-04-13,123,10,26,18
Mali,17.570692,-3.996166000000001,2020-04-14,144,13,34,21
Mali,17.570692,-3.996166000000001,2020-04-15,148,13,34,4
Mali,17.570692,-3.996166000000001,2020-04-16,171,13,34,23
Mali,17.570692,-3.996166000000001,2020-04-17,171,13,34,0
Mali,17.570692,-3.996166000000001,2020-04-18,216,13,41,45
Mali,17.570692,-3.996166000000001,2020-04-19,224,14,42,8
Mali,17.570692,-3.996166000000001,2020-04-20,246,14,56,22
Mali,17.570692,-3.996166000000001,2020-04-21,258,14,57,12
Mali,17.570692,-3.996166000000001,2020-04-22,293,17,73,35
Mali,17.570692,-3.996166000000001,2020-04-23,309,21,77,16
Niger,17.6078,8.0817,2020-01-22,0,0,0,0
Niger,17.6078,8.0817,2020-01-23,0,0,0,0
Niger,17.6078,8.0817,2020-01-24,0,0,0,0
Niger,17.6078,8.0817,2020-01-25,0,0,0,0
Niger,17.6078,8.0817,2020-01-26,0,0,0,0
Niger,17.6078,8.0817,2020-01-27,0,0,0,0
Niger,17.6078,8.0817,2020-01-28,0,0,0,0
Niger,17.6078,8.0817,2020-01-29,0,0,0,0
Niger,17.6078,8.0817,2020-01-30,0,0,0,0
Niger,17.6078,8.0817,2020-01-31,0,0,0,0
Niger,17.6078,8.0817,2020-02-01,0,0,0,0
Niger,17.6078,8.0817,2020-02-02,0,0,0,0
Niger,17.6078,8.0817,2020-02-03,0,0,0,0
Niger,17.6078,8.0817,2020-02-04,0,0,0,0
Niger,17.6078,8.0817,2020-02-05,0,0,0,0
Niger,17.6078,8.0817,2020-02-06,0,0,0,0
Niger,17.6078,8.0817,2020-02-07,0,0,0,0
Niger,17.6078,8.0817,2020-02-08,0,0,0,0
Niger,17.6078,8.0817,2020-02-09,0,0,0,0
Niger,17.6078,8.0817,2020-02-10,0,0,0,0
Niger,17.6078,8.0817,2020-02-11,0,0,0,0
Niger,17.6078,8.0817,2020-02-12,0,0,0,0
Niger,17.6078,8.0817,2020-02-13,0,0,0,0
Niger,17.6078,8.0817,2020-02-14,0,0,0,0
Niger,17.6078,8.0817,2020-02-15,0,0,0,0
Niger,17.6078,8.0817,2020-02-16,0,0,0,0
Niger,17.6078,8.0817,2020-02-17,0,0,0,0
Niger,17.6078,8.0817,2020-02-18,0,0,0,0
Niger,17.6078,8.0817,2020-02-19,0,0,0,0
Niger,17.6078,8.0817,2020-02-20,0,0,0,0
Niger,17.6078,8.0817,2020-02-21,0,0,0,0
Niger,17.6078,8.0817,2020-02-22,0,0,0,0
Niger,17.6078,8.0817,2020-02-23,0,0,0,0
Niger,17.6078,8.0817,2020-02-24,0,0,0,0
Niger,17.6078,8.0817,2020-02-25,0,0,0,0
Niger,17.6078,8.0817,2020-02-26,0,0,0,0
Niger,17.6078,8.0817,2020-02-27,0,0,0,0
Niger,17.6078,8.0817,2020-02-28,0,0,0,0
Niger,17.6078,8.0817,2020-02-29,0,0,0,0
Niger,17.6078,8.0817,2020-03-01,0,0,0,0
Niger,17.6078,8.0817,2020-03-02,0,0,0,0
Niger,17.6078,8.0817,2020-03-03,0,0,0,0
Niger,17.6078,8.0817,2020-03-04,0,0,0,0
Niger,17.6078,8.0817,2020-03-05,0,0,0,0
Niger,17.6078,8.0817,2020-03-06,0,0,0,0
Niger,17.6078,8.0817,2020-03-07,0,0,0,0
Niger,17.6078,8.0817,2020-03-08,0,0,0,0
Niger,17.6078,8.0817,2020-03-09,0,0,0,0
Niger,17.6078,8.0817,2020-03-10,0,0,0,0
Niger,17.6078,8.0817,2020-03-11,0,0,0,0
Niger,17.6078,8.0817,2020-03-12,0,0,0,0
Niger,17.6078,8.0817,2020-03-13,0,0,0,0
Niger,17.6078,8.0817,2020-03-14,0,0,0,0
Niger,17.6078,8.0817,2020-03-15,0,0,0,0
Niger,17.6078,8.0817,2020-03-16,0,0,0,0
Niger,17.6078,8.0817,2020-03-17,0,0,0,0
Niger,17.6078,8.0817,2020-03-18,0,0,0,0
Niger,17.6078,8.0817,2020-03-19,0,0,0,0
Niger,17.6078,8.0817,2020-03-20,1,0,0,1
Niger,17.6078,8.0817,2020-03-21,1,0,0,0
Niger,17.6078,8.0817,2020-03-22,2,0,0,1
Niger,17.6078,8.0817,2020-03-23,3,0,0,1
Niger,17.6078,8.0817,2020-03-24,3,0,0,0
Niger,17.6078,8.0817,2020-03-25,7,1,0,4
Niger,17.6078,8.0817,2020-03-26,10,1,0,3
Niger,17.6078,8.0817,2020-03-27,10,1,0,0
Niger,17.6078,8.0817,2020-03-28,10,1,0,0
Niger,17.6078,8.0817,2020-03-29,18,1,0,8
Niger,17.6078,8.0817,2020-03-30,27,3,0,9
Niger,17.6078,8.0817,2020-03-31,27,3,0,0
Niger,17.6078,8.0817,2020-04-01,74,5,0,47
Niger,17.6078,8.0817,2020-04-02,98,5,0,24
Niger,17.6078,8.0817,2020-04-03,120,5,0,22
Niger,17.6078,8.0817,2020-04-04,144,8,0,24
Niger,17.6078,8.0817,2020-04-05,184,10,13,40
Niger,17.6078,8.0817,2020-04-06,253,10,26,69
Niger,17.6078,8.0817,2020-04-07,278,11,26,25
Niger,17.6078,8.0817,2020-04-08,342,11,28,64
Niger,17.6078,8.0817,2020-04-09,410,11,40,68
Niger,17.6078,8.0817,2020-04-10,438,11,41,28
Niger,17.6078,8.0817,2020-04-11,491,11,41,53
Niger,17.6078,8.0817,2020-04-12,529,12,75,38
Niger,17.6078,8.0817,2020-04-13,529,12,75,0
Niger,17.6078,8.0817,2020-04-14,570,14,90,41
Niger,17.6078,8.0817,2020-04-15,584,14,90,14
Niger,17.6078,8.0817,2020-04-16,584,14,90,0
Niger,17.6078,8.0817,2020-04-17,627,18,110,43
Niger,17.6078,8.0817,2020-04-18,639,19,113,12
Niger,17.6078,8.0817,2020-04-19,648,20,117,9
Niger,17.6078,8.0817,2020-04-20,648,20,117,0
Niger,17.6078,8.0817,2020-04-21,657,20,127,9
Niger,17.6078,8.0817,2020-04-22,662,22,193,5
Niger,17.6078,8.0817,2020-04-23,671,24,256,9
Nigeria,9.082,8.6753,2020-01-22,0,0,0,0
Nigeria,9.082,8.6753,2020-01-23,0,0,0,0
Nigeria,9.082,8.6753,2020-01-24,0,0,0,0
Nigeria,9.082,8.6753,2020-01-25,0,0,0,0
Nigeria,9.082,8.6753,2020-01-26,0,0,0,0
Nigeria,9.082,8.6753,2020-01-27,0,0,0,0
Nigeria,9.082,8.6753,2020-01-28,0,0,0,0
Nigeria,9.082,8.6753,2020-01-29,0,0,0,0
Nigeria,9.082,8.6753,2020-01-30,0,0,0,0
Nigeria,9.082,8.6753,2020-01-31,0,0,0,0
Nigeria,9.082,8.6753,2020-02-01,0,0,0,0
Nigeria,9.082,8.6753,2020-02-02,0,0,0,0
Nigeria,9.082,8.6753,2020-02-03,0,0,0,0
Nigeria,9.082,8.6753,2020-02-04,0,0,0,0
Nigeria,9.082,8.6753,2020-02-05,0,0,0,0
Nigeria,9.082,8.6753,2020-02-06,0,0,0,0
Nigeria,9.082,8.6753,2020-02-07,0,0,0,0
Nigeria,9.082,8.6753,2020-02-08,0,0,0,0
Nigeria,9.082,8.6753,2020-02-09,0,0,0,0
Nigeria,9.082,8.6753,2020-02-10,0,0,0,0
Nigeria,9.082,8.6753,2020-02-11,0,0,0,0
Nigeria,9.082,8.6753,2020-02-12,0,0,0,0
Nigeria,9.082,8.6753,2020-02-13,0,0,0,0
Nigeria,9.082,8.6753,2020-02-14,0,0,0,0
Nigeria,9.082,8.6753,2020-02-15,0,0,0,0
Nigeria,9.082,8.6753,2020-02-16,0,0,0,0
Nigeria,9.082,8.6753,2020-02-17,0,0,0,0
Nigeria,9.082,8.6753,2020-02-18,0,0,0,0
Nigeria,9.082,8.6753,2020-02-19,0,0,0,0
Nigeria,9.082,8.6753,2020-02-20,0,0,0,0
Nigeria,9.082,8.6753,2020-02-21,0,0,0,0
Nigeria,9.082,8.6753,2020-02-22,0,0,0,0
Nigeria,9.082,8.6753,2020-02-23,0,0,0,0
Nigeria,9.082,8.6753,2020-02-24,0,0,0,0
Nigeria,9.082,8.6753,2020-02-25,0,0,0,0
Nigeria,9.082,8.6753,2020-02-26,0,0,0,0
Nigeria,9.082,8.6753,2020-02-27,0,0,0,0
Nigeria,9.082,8.6753,2020-02-28,1,0,0,1
Nigeria,9.082,8.6753,2020-02-29,1,0,0,0
Nigeria,9.082,8.6753,2020-03-01,1,0,0,0
Nigeria,9.082,8.6753,2020-03-02,1,0,0,0
Nigeria,9.082,8.6753,2020-03-03,1,0,0,0
Nigeria,9.082,8.6753,2020-03-04,1,0,0,0
Nigeria,9.082,8.6753,2020-03-05,1,0,0,0
Nigeria,9.082,8.6753,2020-03-06,1,0,0,0
Nigeria,9.082,8.6753,2020-03-07,1,0,0,0
Nigeria,9.082,8.6753,2020-03-08,1,0,0,0
Nigeria,9.082,8.6753,2020-03-09,2,0,0,1
Nigeria,9.082,8.6753,2020-03-10,2,0,0,0
Nigeria,9.082,8.6753,2020-03-11,2,0,0,0
Nigeria,9.082,8.6753,2020-03-12,2,0,0,0
Nigeria,9.082,8.6753,2020-03-13,2,0,0,0
Nigeria,9.082,8.6753,2020-03-14,2,0,0,0
Nigeria,9.082,8.6753,2020-03-15,2,0,0,0
Nigeria,9.082,8.6753,2020-03-16,2,0,0,0
Nigeria,9.082,8.6753,2020-03-17,3,0,0,1
Nigeria,9.082,8.6753,2020-03-18,8,0,1,5
Nigeria,9.082,8.6753,2020-03-19,8,0,1,0
Nigeria,9.082,8.6753,2020-03-20,12,0,1,4
Nigeria,9.082,8.6753,2020-03-21,22,0,1,10
Nigeria,9.082,8.6753,2020-03-22,30,0,2,8
Nigeria,9.082,8.6753,2020-03-23,40,1,2,10
Nigeria,9.082,8.6753,2020-03-24,44,1,2,4
Nigeria,9.082,8.6753,2020-03-25,51,1,2,7
Nigeria,9.082,8.6753,2020-03-26,65,1,2,14
Nigeria,9.082,8.6753,2020-03-27,70,1,3,5
Nigeria,9.082,8.6753,2020-03-28,89,1,3,19
Nigeria,9.082,8.6753,2020-03-29,111,1,3,22
Nigeria,9.082,8.6753,2020-03-30,131,2,8,20
Nigeria,9.082,8.6753,2020-03-31,135,2,8,4
Nigeria,9.082,8.6753,2020-04-01,174,2,9,39
Nigeria,9.082,8.6753,2020-04-02,184,2,20,10
Nigeria,9.082,8.6753,2020-04-03,210,4,25,26
Nigeria,9.082,8.6753,2020-04-04,214,4,25,4
Nigeria,9.082,8.6753,2020-04-05,232,5,33,18
Nigeria,9.082,8.6753,2020-04-06,238,5,35,6
Nigeria,9.082,8.6753,2020-04-07,254,6,44,16
Nigeria,9.082,8.6753,2020-04-08,276,6,44,22
Nigeria,9.082,8.6753,2020-04-09,288,7,51,12
Nigeria,9.082,8.6753,2020-04-10,305,7,58,17
Nigeria,9.082,8.6753,2020-04-11,318,10,70,13
Nigeria,9.082,8.6753,2020-04-12,323,10,85,5
Nigeria,9.082,8.6753,2020-04-13,343,10,91,20
Nigeria,9.082,8.6753,2020-04-14,373,11,99,30
Nigeria,9.082,8.6753,2020-04-15,407,12,128,34
Nigeria,9.082,8.6753,2020-04-16,442,13,152,35
Nigeria,9.082,8.6753,2020-04-17,493,17,159,51
Nigeria,9.082,8.6753,2020-04-18,542,19,166,49
Nigeria,9.082,8.6753,2020-04-19,627,21,170,85
Nigeria,9.082,8.6753,2020-04-20,665,22,188,38
Nigeria,9.082,8.6753,2020-04-21,665,22,188,0
Nigeria,9.082,8.6753,2020-04-22,873,28,197,208
Nigeria,9.082,8.6753,2020-04-23,981,31,197,108
Sierra Leone,8.460555000000001,-11.779889,2020-01-22,0,0,0,0
Sierra Leone,8.460555000000001,-11.779889,2020-01-23,0,0,0,0
Sierra Leone,8.460555000000001,-11.779889,2020-01-24,0,0,0,0
Sierra Leone,8.460555000000001,-11.779889,2020-01-25,0,0,0,0
Sierra Leone,8.460555000000001,-11.779889,2020-01-26,0,0,0,0
Sierra Leone,8.460555000000001,-11.779889,2020-01-27,0,0,0,0
Sierra Leone,8.460555000000001,-11.779889,2020-01-28,0,0,0,0
Sierra Leone,8.460555000000001,-11.779889,2020-01-29,0,0,0,0
Sierra Leone,8.460555000000001,-11.779889,2020-01-30,0,0,0,0
Sierra Leone,8.460555000000001,-11.779889,2020-01-31,0,0,0,0
Sierra Leone,8.460555000000001,-11.779889,2020-02-01,0,0,0,0
Sierra Leone,8.460555000000001,-11.779889,2020-02-02,0,0,0,0
Sierra Leone,8.460555000000001,-11.779889,2020-02-03,0,0,0,0
Sierra Leone,8.460555000000001,-11.779889,2020-02-04,0,0,0,0
Sierra Leone,8.460555000000001,-11.779889,2020-02-05,0,0,0,0
Sierra Leone,8.460555000000001,-11.779889,2020-02-06,0,0,0,0
Sierra Leone,8.460555000000001,-11.779889,2020-02-07,0,0,0,0
Sierra Leone,8.460555000000001,-11.779889,2020-02-08,0,0,0,0
Sierra Leone,8.460555000000001,-11.779889,2020-02-09,0,0,0,0
Sierra Leone,8.460555000000001,-11.779889,2020-02-10,0,0,0,0
Sierra Leone,8.460555000000001,-11.779889,2020-02-11,0,0,0,0
Sierra Leone,8.460555000000001,-11.779889,2020-02-12,0,0,0,0
Sierra Leone,8.460555000000001,-11.779889,2020-02-13,0,0,0,0
Sierra Leone,8.460555000000001,-11.779889,2020-02-14,0,0,0,0
Sierra Leone,8.460555000000001,-11.779889,2020-02-15,0,0,0,0
Sierra Leone,8.460555000000001,-11.779889,2020-02-16,0,0,0,0
Sierra Leone,8.460555000000001,-11.779889,2020-02-17,0,0,0,0
Sierra Leone,8.460555000000001,-11.779889,2020-02-18,0,0,0,0
Sierra Leone,8.460555000000001,-11.779889,2020-02-19,0,0,0,0
Sierra Leone,8.460555000000001,-11.779889,2020-02-20,0,0,0,0
Sierra Leone,8.460555000000001,-11.779889,2020-02-21,0,0,0,0
Sierra Leone,8.460555000000001,-11.779889,2020-02-22,0,0,0,0
Sierra Leone,8.460555000000001,-11.779889,2020-02-23,0,0,0,0
Sierra Leone,8.460555000000001,-11.779889,2020-02-24,0,0,0,0
Sierra Leone,8.460555000000001,-11.779889,2020-02-25,0,0,0,0
Sierra Leone,8.460555000000001,-11.779889,2020-02-26,0,0,0,0
Sierra Leone,8.460555000000001,-11.779889,2020-02-27,0,0,0,0
Sierra Leone,8.460555000000001,-11.779889,2020-02-28,0,0,0,0
Sierra Leone,8.460555000000001,-11.779889,2020-02-29,0,0,0,0
Sierra Leone,8.460555000000001,-11.779889,2020-03-01,0,0,0,0
Sierra Leone,8.460555000000001,-11.779889,2020-03-02,0,0,0,0
Sierra Leone,8.460555000000001,-11.779889,2020-03-03,0,0,0,0
Sierra Leone,8.460555000000001,-11.779889,2020-03-04,0,0,0,0
Sierra Leone,8.460555000000001,-11.779889,2020-03-05,0,0,0,0
Sierra Leone,8.460555000000001,-11.779889,2020-03-06,0,0,0,0
Sierra Leone,8.460555000000001,-11.779889,2020-03-07,0,0,0,0
Sierra Leone,8.460555000000001,-11.779889,2020-03-08,0,0,0,0
Sierra Leone,8.460555000000001,-11.779889,2020-03-09,0,0,0,0
Sierra Leone,8.460555000000001,-11.779889,2020-03-10,0,0,0,0
Sierra Leone,8.460555000000001,-11.779889,2020-03-11,0,0,0,0
Sierra Leone,8.460555000000001,-11.779889,2020-03-12,0,0,0,0
Sierra Leone,8.460555000000001,-11.779889,2020-03-13,0,0,0,0
Sierra Leone,8.460555000000001,-11.779889,2020-03-14,0,0,0,0
Sierra Leone,8.460555000000001,-11.779889,2020-03-15,0,0,0,0
Sierra Leone,8.460555000000001,-11.779889,2020-03-16,0,0,0,0
Sierra Leone,8.460555000000001,-11.779889,2020-03-17,0,0,0,0
Sierra Leone,8.460555000000001,-11.779889,2020-03-18,0,0,0,0
Sierra Leone,8.460555000000001,-11.779889,2020-03-19,0,0,0,0
Sierra Leone,8.460555000000001,-11.779889,2020-03-20,0,0,0,0
Sierra Leone,8.460555000000001,-11.779889,2020-03-21,0,0,0,0
Sierra Leone,8.460555000000001,-11.779889,2020-03-22,0,0,0,0
Sierra Leone,8.460555000000001,-11.779889,2020-03-23,0,0,0,0
Sierra Leone,8.460555000000001,-11.779889,2020-03-24,0,0,0,0
Sierra Leone,8.460555000000001,-11.779889,2020-03-25,0,0,0,0
Sierra Leone,8.460555000000001,-11.779889,2020-03-26,0,0,0,0
Sierra Leone,8.460555000000001,-11.779889,2020-03-27,0,0,0,0
Sierra Leone,8.460555000000001,-11.779889,2020-03-28,0,0,0,0
Sierra Leone,8.460555000000001,-11.779889,2020-03-29,0,0,0,0
Sierra Leone,8.460555000000001,-11.779889,2020-03-30,0,0,0,0
Sierra Leone,8.460555000000001,-11.779889,2020-03-31,1,0,0,1
Sierra Leone,8.460555000000001,-11.779889,2020-04-01,2,0,0,1
Sierra Leone,8.460555000000001,-11.779889,2020-04-02,2,0,0,0
Sierra Leone,8.460555000000001,-11.779889,2020-04-03,2,0,0,0
Sierra Leone,8.460555000000001,-11.779889,2020-04-04,4,0,0,2
Sierra Leone,8.460555000000001,-11.779889,2020-04-05,6,0,0,2
Sierra Leone,8.460555000000001,-11.779889,2020-04-06,6,0,0,0
Sierra Leone,8.460555000000001,-11.779889,2020-04-07,6,0,0,0
Sierra Leone,8.460555000000001,-11.779889,2020-04-08,7,0,0,1
Sierra Leone,8.460555000000001,-11.779889,2020-04-09,7,0,0,0
Sierra Leone,8.460555000000001,-11.779889,2020-04-10,8,0,0,1
Sierra Leone,8.460555000000001,-11.779889,2020-04-11,8,0,0,0
Sierra Leone,8.460555000000001,-11.779889,2020-04-12,10,0,0,2
Sierra Leone,8.460555000000001,-11.779889,2020-04-13,10,0,0,0
Sierra Leone,8.460555000000001,-11.779889,2020-04-14,11,0,0,1
Sierra Leone,8.460555000000001,-11.779889,2020-04-15,13,0,0,2
Sierra Leone,8.460555000000001,-11.779889,2020-04-16,15,0,0,2
Sierra Leone,8.460555000000001,-11.779889,2020-04-17,26,0,0,11
Sierra Leone,8.460555000000001,-11.779889,2020-04-18,30,0,0,4
Sierra Leone,8.460555000000001,-11.779889,2020-04-19,35,0,6,5
Sierra Leone,8.460555000000001,-11.779889,2020-04-20,43,0,6,8
Sierra Leone,8.460555000000001,-11.779889,2020-04-21,50,0,6,7
Sierra Leone,8.460555000000001,-11.779889,2020-04-22,61,0,6,11
Sierra Leone,8.460555000000001,-11.779889,2020-04-23,64,1,10,3
Senegal,14.4974,-14.4524,2020-01-22,0,0,0,0
Senegal,14.4974,-14.4524,2020-01-23,0,0,0,0
Senegal,14.4974,-14.4524,2020-01-24,0,0,0,0
Senegal,14.4974,-14.4524,2020-01-25,0,0,0,0
Senegal,14.4974,-14.4524,2020-01-26,0,0,0,0
Senegal,14.4974,-14.4524,2020-01-27,0,0,0,0
Senegal,14.4974,-14.4524,2020-01-28,0,0,0,0
Senegal,14.4974,-14.4524,2020-01-29,0,0,0,0
Senegal,14.4974,-14.4524,2020-01-30,0,0,0,0
Senegal,14.4974,-14.4524,2020-01-31,0,0,0,0
Senegal,14.4974,-14.4524,2020-02-01,0,0,0,0
Senegal,14.4974,-14.4524,2020-02-02,0,0,0,0
Senegal,14.4974,-14.4524,2020-02-03,0,0,0,0
Senegal,14.4974,-14.4524,2020-02-04,0,0,0,0
Senegal,14.4974,-14.4524,2020-02-05,0,0,0,0
Senegal,14.4974,-14.4524,2020-02-06,0,0,0,0
Senegal,14.4974,-14.4524,2020-02-07,0,0,0,0
Senegal,14.4974,-14.4524,2020-02-08,0,0,0,0
Senegal,14.4974,-14.4524,2020-02-09,0,0,0,0
Senegal,14.4974,-14.4524,2020-02-10,0,0,0,0
Senegal,14.4974,-14.4524,2020-02-11,0,0,0,0
Senegal,14.4974,-14.4524,2020-02-12,0,0,0,0
Senegal,14.4974,-14.4524,2020-02-13,0,0,0,0
Senegal,14.4974,-14.4524,2020-02-14,0,0,0,0
Senegal,14.4974,-14.4524,2020-02-15,0,0,0,0
Senegal,14.4974,-14.4524,2020-02-16,0,0,0,0
Senegal,14.4974,-14.4524,2020-02-17,0,0,0,0
Senegal,14.4974,-14.4524,2020-02-18,0,0,0,0
Senegal,14.4974,-14.4524,2020-02-19,0,0,0,0
Senegal,14.4974,-14.4524,2020-02-20,0,0,0,0
Senegal,14.4974,-14.4524,2020-02-21,0,0,0,0
Senegal,14.4974,-14.4524,2020-02-22,0,0,0,0
Senegal,14.4974,-14.4524,2020-02-23,0,0,0,0
Senegal,14.4974,-14.4524,2020-02-24,0,0,0,0
Senegal,14.4974,-14.4524,2020-02-25,0,0,0,0
Senegal,14.4974,-14.4524,2020-02-26,0,0,0,0
Senegal,14.4974,-14.4524,2020-02-27,0,0,0,0
Senegal,14.4974,-14.4524,2020-02-28,0,0,0,0
Senegal,14.4974,-14.4524,2020-02-29,0,0,0,0
Senegal,14.4974,-14.4524,2020-03-01,0,0,0,0
Senegal,14.4974,-14.4524,2020-03-02,1,0,0,1
Senegal,14.4974,-14.4524,2020-03-03,2,0,0,1
Senegal,14.4974,-14.4524,2020-03-04,4,0,0,2
Senegal,14.4974,-14.4524,2020-03-05,4,0,0,0
Senegal,14.4974,-14.4524,2020-03-06,4,0,0,0
Senegal,14.4974,-14.4524,2020-03-07,4,0,0,0
Senegal,14.4974,-14.4524,2020-03-08,4,0,1,0
Senegal,14.4974,-14.4524,2020-03-09,4,0,1,0
Senegal,14.4974,-14.4524,2020-03-10,4,0,1,0
Senegal,14.4974,-14.4524,2020-03-11,4,0,1,0
Senegal,14.4974,-14.4524,2020-03-12,4,0,1,0
Senegal,14.4974,-14.4524,2020-03-13,10,0,1,6
Senegal,14.4974,-14.4524,2020-03-14,10,0,1,0
Senegal,14.4974,-14.4524,2020-03-15,24,0,1,14
Senegal,14.4974,-14.4524,2020-03-16,24,0,2,0
Senegal,14.4974,-14.4524,2020-03-17,26,0,2,2
Senegal,14.4974,-14.4524,2020-03-18,31,0,2,5
Senegal,14.4974,-14.4524,2020-03-19,31,0,2,0
Senegal,14.4974,-14.4524,2020-03-20,38,0,2,7
Senegal,14.4974,-14.4524,2020-03-21,47,0,5,9
Senegal,14.4974,-14.4524,2020-03-22,67,0,5,20
Senegal,14.4974,-14.4524,2020-03-23,79,0,5,12
Senegal,14.4974,-14.4524,2020-03-24,86,0,8,7
Senegal,14.4974,-14.4524,2020-03-25,99,0,9,13
Senegal,14.4974,-14.4524,2020-03-26,105,0,9,6
Senegal,14.4974,-14.4524,2020-03-27,119,0,11,14
Senegal,14.4974,-14.4524,2020-03-28,130,0,18,11
Senegal,14.4974,-14.4524,2020-03-29,142,0,27,12
Senegal,14.4974,-14.4524,2020-03-30,162,0,27,20
Senegal,14.4974,-14.4524,2020-03-31,175,0,40,13
Senegal,14.4974,-14.4524,2020-04-01,190,1,45,15
Senegal,14.4974,-14.4524,2020-04-02,195,1,55,5
Senegal,14.4974,-14.4524,2020-04-03,207,1,66,12
Senegal,14.4974,-14.4524,2020-04-04,219,2,72,12
Senegal,14.4974,-14.4524,2020-04-05,222,2,82,3
Senegal,14.4974,-14.4524,2020-04-06,226,2,92,4
Senegal,14.4974,-14.4524,2020-04-07,237,2,105,11
Senegal,14.4974,-14.4524,2020-04-08,244,2,113,7
Senegal,14.4974,-14.4524,2020-04-09,250,2,123,6
Senegal,14.4974,-14.4524,2020-04-10,265,2,137,15
Senegal,14.4974,-14.4524,2020-04-11,278,2,152,13
Senegal,14.4974,-14.4524,2020-04-12,280,2,171,2
Senegal,14.4974,-14.4524,2020-04-13,291,2,178,11
Senegal,14.4974,-14.4524,2020-04-14,299,2,183,8
Senegal,14.4974,-14.4524,2020-04-15,314,2,190,15
Senegal,14.4974,-14.4524,2020-04-16,335,2,194,21
Senegal,14.4974,-14.4524,2020-04-17,342,2,198,7
Senegal,14.4974,-14.4524,2020-04-18,350,3,211,8
Senegal,14.4974,-14.4524,2020-04-19,367,3,220,17
Senegal,14.4974,-14.4524,2020-04-20,377,5,235,10
Senegal,14.4974,-14.4524,2020-04-21,412,5,242,35
Senegal,14.4974,-14.4524,2020-04-22,442,6,253,30
Senegal,14.4974,-14.4524,2020-04-23,479,6,257,37
Togo,8.6195,0.8248,2020-01-22,0,0,0,0
Togo,8.6195,0.8248,2020-01-23,0,0,0,0
Togo,8.6195,0.8248,2020-01-24,0,0,0,0
Togo,8.6195,0.8248,2020-01-25,0,0,0,0
Togo,8.6195,0.8248,2020-01-26,0,0,0,0
Togo,8.6195,0.8248,2020-01-27,0,0,0,0
Togo,8.6195,0.8248,2020-01-28,0,0,0,0
Togo,8.6195,0.8248,2020-01-29,0,0,0,0
Togo,8.6195,0.8248,2020-01-30,0,0,0,0
Togo,8.6195,0.8248,2020-01-31,0,0,0,0
Togo,8.6195,0.8248,2020-02-01,0,0,0,0
Togo,8.6195,0.8248,2020-02-02,0,0,0,0
Togo,8.6195,0.8248,2020-02-03,0,0,0,0
Togo,8.6195,0.8248,2020-02-04,0,0,0,0
Togo,8.6195,0.8248,2020-02-05,0,0,0,0
Togo,8.6195,0.8248,2020-02-06,0,0,0,0
Togo,8.6195,0.8248,2020-02-07,0,0,0,0
Togo,8.6195,0.8248,2020-02-08,0,0,0,0
Togo,8.6195,0.8248,2020-02-09,0,0,0,0
Togo,8.6195,0.8248,2020-02-10,0,0,0,0
Togo,8.6195,0.8248,2020-02-11,0,0,0,0
Togo,8.6195,0.8248,2020-02-12,0,0,0,0
Togo,8.6195,0.8248,2020-02-13,0,0,0,0
Togo,8.6195,0.8248,2020-02-14,0,0,0,0
Togo,8.6195,0.8248,2020-02-15,0,0,0,0
Togo,8.6195,0.8248,2020-02-16,0,0,0,0
Togo,8.6195,0.8248,2020-02-17,0,0,0,0
Togo,8.6195,0.8248,2020-02-18,0,0,0,0
Togo,8.6195,0.8248,2020-02-19,0,0,0,0
Togo,8.6195,0.8248,2020-02-20,0,0,0,0
Togo,8.6195,0.8248,2020-02-21,0,0,0,0
Togo,8.6195,0.8248,2020-02-22,0,0,0,0
Togo,8.6195,0.8248,2020-02-23,0,0,0,0
Togo,8.6195,0.8248,2020-02-24,0,0,0,0
Togo,8.6195,0.8248,2020-02-25,0,0,0,0
Togo,8.6195,0.8248,2020-02-26,0,0,0,0
Togo,8.6195,0.8248,2020-02-27,0,0,0,0
Togo,8.6195,0.8248,2020-02-28,0,0,0,0
Togo,8.6195,0.8248,2020-02-29,0,0,0,0
Togo,8.6195,0.8248,2020-03-01,0,0,0,0
Togo,8.6195,0.8248,2020-03-02,0,0,0,0
Togo,8.6195,0.8248,2020-03-03,0,0,0,0
Togo,8.6195,0.8248,2020-03-04,0,0,0,0
Togo,8.6195,0.8248,2020-03-05,0,0,0,0
Togo,8.6195,0.8248,2020-03-06,1,0,0,1
Togo,8.6195,0.8248,2020-03-07,1,0,0,0
Togo,8.6195,0.8248,2020-03-08,1,0,0,0
Togo,8.6195,0.8248,2020-03-09,1,0,0,0
Togo,8.6195,0.8248,2020-03-10,1,0,0,0
Togo,8.6195,0.8248,2020-03-11,1,0,0,0
Togo,8.6195,0.8248,2020-03-12,1,0,0,0
Togo,8.6195,0.8248,2020-03-13,1,0,0,0
Togo,8.6195,0.8248,2020-03-14,1,0,0,0
Togo,8.6195,0.8248,2020-03-15,1,0,0,0
Togo,8.6195,0.8248,2020-03-16,1,0,0,0
Togo,8.6195,0.8248,2020-03-17,1,0,0,0
Togo,8.6195,0.8248,2020-03-18,1,0,0,0
Togo,8.6195,0.8248,2020-03-19,1,0,0,0
Togo,8.6195,0.8248,2020-03-20,9,0,1,8
Togo,8.6195,0.8248,2020-03-21,16,0,1,7
Togo,8.6195,0.8248,2020-03-22,16,0,1,0
Togo,8.6195,0.8248,2020-03-23,18,0,1,2
Togo,8.6195,0.8248,2020-03-24,20,0,1,2
Togo,8.6195,0.8248,2020-03-25,23,0,1,3
Togo,8.6195,0.8248,2020-03-26,23,0,1,0
Togo,8.6195,0.8248,2020-03-27,25,1,1,2
Togo,8.6195,0.8248,2020-03-28,25,1,1,0
Togo,8.6195,0.8248,2020-03-29,25,1,1,0
Togo,8.6195,0.8248,2020-03-30,30,1,1,5
Togo,8.6195,0.8248,2020-03-31,34,1,10,4
Togo,8.6195,0.8248,2020-04-01,36,2,10,2
Togo,8.6195,0.8248,2020-04-02,39,2,17,3
Togo,8.6195,0.8248,2020-04-03,40,3,17,1
Togo,8.6195,0.8248,2020-04-04,41,3,17,1
Togo,8.6195,0.8248,2020-04-05,44,3,20,3
Togo,8.6195,0.8248,2020-04-06,58,3,23,14
Togo,8.6195,0.8248,2020-04-07,65,3,23,7
Togo,8.6195,0.8248,2020-04-08,70,3,23,5
Togo,8.6195,0.8248,2020-04-09,73,3,24,3
Togo,8.6195,0.8248,2020-04-10,76,3,25,3
Togo,8.6195,0.8248,2020-04-11,76,3,25,0
Togo,8.6195,0.8248,2020-04-12,76,3,29,0
Togo,8.6195,0.8248,2020-04-13,77,3,29,1
Togo,8.6195,0.8248,2020-04-14,77,3,32,0
Togo,8.6195,0.8248,2020-04-15,81,3,35,4
Togo,8.6195,0.8248,2020-04-16,81,5,45,0
Togo,8.6195,0.8248,2020-04-17,83,5,48,2
Togo,8.6195,0.8248,2020-04-18,84,5,49,1
Togo,8.6195,0.8248,2020-04-19,84,5,52,0
Togo,8.6195,0.8248,2020-04-20,84,6,53,0
Togo,8.6195,0.8248,2020-04-21,86,6,56,2
Togo,8.6195,0.8248,2020-04-22,88,6,56,2
Togo,8.6195,0.8248,2020-04-23,88,6,59,0
